Service ID,CustomerID,Quarter,Referred a Friend,Number of Referrals,tenure,Offer,PhoneService,Avg Monthly Long Distance Charges,MultipleLines,InternetService,Internet Type,Avg Monthly GB Download,OnlineSecurity,OnlineBackup,DeviceProtection,TechSupport,StreamingTV,StreamingMovies,StreamingMusic,UnlimitedData,Contract,PaperlessBilling,PaymentMethod,MonthlyCharges,TotalCharges,TotalRefunds,TotalExtraDataCharges,TotalLongDistanceCharges,Total Revenue,CLTV,gender,Age,Under 30,SeniorCitizen,Married,Dependents,Number of Dependents,Location ID,Country,State,City,Zip Code,Latitude,Longitude,Population
2411,6519,1,2,0.01603902658248947,0.6362278021447145,6,2,-0.8538188251300854,1,1,4,-1.0047956244259384,1,1,1,1,1,1,1,1,3,1,1,-1.4876969250676457,-0.593312409131096,-0.24831296685183657,-0.27330037394865414,-0.3308992198083766,-0.5687673351415712,-1.515077276490114,0,-1.642453825868742,2,1,2,2,2.629291934690341,6770,1,0,725,0.05651557596474153,-0.6477900230152516,0.9101699079036484,-0.7258783103275874
5495,5052,1,1,-0.6504085499394767,-0.7084980130918396,6,2,1.3420744572805687,1,2,1,0.4155552088644254,2,1,2,1,1,2,2,2,2,1,1,0.0029349840813665527,-0.5867591833527223,-0.24831296685183657,-0.27330037394865414,-0.11073620084919159,-0.49852652505930356,0.035253754464915736,1,-0.9260000911931914,1,1,1,2,2.629291934690341,1974,1,0,983,-1.1472743595391948,-0.826456713661197,0.5608263934721962,0.2498353364580041
489,6328,1,1,-0.6504085499394767,-1.1974892186324047,5,2,0.6681579163048935,1,2,0,2.3746598065063065,2,1,2,1,1,1,2,2,1,1,1,-0.29452667894836937,-0.9367941117975703,-0.24831296685183657,-0.27330037394865414,-0.7669020823987215,-0.96928026669146,0.20939126393969004,1,-1.5827493479791128,2,1,1,2,0.5518740419346677,3906,1,0,885,-0.20524814155423524,-0.8749812037944373,-0.020473887705113936,0.17168179388221388
1637,84,1,1,-0.6504085499394767,-0.8307458144769808,4,2,-0.5553793194722694,2,2,2,-0.7109299347796563,1,2,1,1,2,1,1,2,1,2,0,0.830509890164096,-0.5419015806340903,-0.24831296685183657,-0.27330037394865414,-0.6810055496517289,-0.6315596315726979,1.074161517302283,0,0.6263163339371681,1,1,1,1,-0.4868349044431689,885,1,0,541,0.9446809467235742,0.7801869470585466,-0.6509829007283764,1.1165217181620637
6427,5780,1,1,-0.6504085499394767,0.676977069273095,2,2,0.8746702857297161,2,2,2,0.023734289336049142,2,2,2,2,1,2,2,2,2,1,0,1.2708860952081187,1.2734964131082398,-0.24831296685183657,-0.27330037394865414,1.2259990601397595,1.3678357429549857,0.5263891574010511,0,1.8204058917297523,1,2,1,1,-0.4868349044431689,2135,1,0,1037,-0.26018620572488466,-0.7770050349314774,0.24845824467187605,1.170373433221849
2970,6865,1,1,-0.6504085499394767,-1.2789877528891656,6,2,-0.9321511031877767,1,1,4,-1.0047956244259384,1,1,1,1,1,1,1,1,1,1,1,-1.4710789550659844,-0.9972735456646487,-0.24831296685183657,-0.27330037394865414,-0.8747216026014922,-1.0489765704386482,0.045397687055679294,0,0.44720290026828047,1,1,1,1,-0.4868349044431689,911,1,0,855,-0.7347002697870627,-1.3530005960906133,1.1822599514273109,0.6033938309418271
530,2386,1,2,-0.31718476167849363,1.1252190076852797,2,2,-1.3030965191138688,2,2,2,-0.07422094054604492,1,2,1,2,2,2,2,2,1,2,0,1.2958130502106107,1.628187000271057,-0.24831296685183657,-0.27330037394865414,-0.68426564907942,1.0838986818054974,1.5526170044999639,1,0.6263163339371681,1,1,2,2,0.5518740419346677,2041,1,0,694,-0.022121260985403752,-0.46086410323773624,-0.3936630431191853,-0.6952409869221959
6324,4033,1,1,-0.6504085499394767,-1.1567399515040242,6,2,0.9517078153897596,1,1,4,-1.0047956244259384,1,1,1,1,1,1,1,1,1,1,1,-1.4760643460664828,-0.9721197497476588,-0.24831296685183657,-0.27330037394865414,-0.7068973538020876,-0.979489686761557,1.3387490923780323,0,-0.6871821796346745,1,1,1,1,-0.4868349044431689,3235,1,0,68,-1.4973698665090196,-0.9356053228334785,0.7563550792028272,2.399601475223041
2107,2857,1,2,-0.31718476167849363,1.6142102132258447,6,2,1.4016328835723673,2,2,1,1.5910179674495541,2,2,2,2,2,2,2,2,3,2,0,0.7573908221567865,1.8458335291528007,-0.24831296685183657,-0.27330037394865414,2.9090726375031015,2.3178667830778203,0.7952033710562852,1,0.7457252897164266,1,1,2,2,2.629291934690341,3700,1,0,623,1.006082312561359,0.5839279768435313,-0.5607872395103597,0.23617146845776008
4349,3344,1,2,-0.31718476167849363,-0.9529936158621221,5,2,-1.075220801127858,1,2,0,2.3746598065063065,2,2,2,2,1,1,1,2,1,1,2,0.00792037508186511,-0.7137196585337394,-0.24831296685183657,-0.27330037394865414,-0.8173273159379008,-0.8077410631823451,-0.3527516671317901,0,-1.5827493479791128,2,1,2,1,-0.4868349044431689,4553,1,0,1037,-0.26018620572488466,-0.7770050349314774,0.24845824467187605,1.170373433221849
4089,2648,1,2,-0.31718476167849363,1.3697146104555622,1,2,-0.18702340034147277,2,2,2,3.1583016455630593,1,2,1,2,2,2,2,2,2,2,0,1.3057838322116073,2.034200156997838,-0.24831296685183657,-0.27330037394865414,0.6798024745025647,1.8081113115778817,0.9329917887474901,1,-1.403635914310225,2,1,2,1,-0.4868349044431689,812,1,0,407,0.9409106874177453,0.8050456469999205,-0.2819519943297324,-1.0309277094195406
2363,2879,1,2,1.682157967887405,-0.3417546089364157,3,2,-1.4202712491009941,1,2,0,-0.8578627796027974,2,1,1,2,1,1,1,1,1,1,2,-0.3709693409560109,-0.4258631484170294,-0.24831296685183657,4.506967507807235,-0.8559169711200273,-0.5495806062098366,-1.2031513493241346,1,0.5666118560475389,1,1,2,1,-0.4868349044431689,2980,1,0,817,-0.5978937178327004,-0.84564129483479,1.1037508360021349,2.540920857412416
724,3073,1,1,-0.6504085499394767,-1.1567399515040242,5,2,-1.0409099685901912,1,1,4,-1.0047956244259384,1,1,1,1,1,1,1,1,1,2,0,-1.4926823160681442,-0.9785185223932088,-0.24831296685183657,-0.27330037394865414,-0.8523261369677878,-1.0275245718913606,1.2829574631288327,1,-1.2245224806413375,2,1,1,1,-0.4868349044431689,6382,1,0,56,-0.0942947962684138,-0.41939580591822595,0.26096780626113864,-0.08036692691121483
6870,5049,1,2,2.348605544409371,-0.9529936158621221,5,2,0.46035079848242294,1,2,1,0.4645328238054724,2,1,1,1,1,1,1,2,2,1,1,-0.5371490409726233,-0.8199613491831308,2.3396219817352524,-0.27330037394865414,-0.5651657123786603,-0.824397252096705,0.13669308037255126,0,-0.9260000911931914,1,1,2,1,-0.4868349044431689,6100,1,0,306,-0.7869452915964058,-1.2621660882781083,1.2639395112346328,1.283230363729055
6497,1631,1,1,-0.6504085499394767,1.0437204734285188,2,2,0.6286680901766359,1,2,2,-0.31910901525128005,2,2,1,1,2,2,2,2,2,1,0,1.1429277261953275,1.5183046286336803,-0.24831296685183657,-0.27330037394865414,1.353367364954229,1.5991026677428453,1.6980133716342414,1,0.44720290026828047,1,1,1,1,-0.4868349044431689,2636,1,0,306,-0.7869452915964058,-1.2621660882781083,1.2639395112346328,1.283230363729055
4146,5216,1,1,-0.6504085499394767,-1.1567399515040242,6,2,-0.43432034429220095,2,2,1,1.49306273756746,1,1,1,1,1,1,1,2,1,1,0,-0.467353566965646,-0.9116403158805805,4.803538531808144,-0.27330037394865414,-0.8080549316960981,-0.9754792171340213,-0.09492671378321652,0,-1.3439314364205959,2,1,1,1,-0.4868349044431689,4922,1,0,735,-1.281387869132251,-0.8256992463499624,0.774893127057262,0.4836340467043941
1484,5677,1,2,0.34926281484347255,-0.7084980130918396,6,2,-0.6829120366405769,1,1,4,-1.0047956244259384,1,1,1,1,1,1,1,1,1,1,1,-1.4727407520661506,-0.8603398110498777,-0.24831296685183657,-0.27330037394865414,-0.6649531035566846,-0.8786834436694296,0.662486919660462,0,-1.5230448700894836,2,1,2,1,-0.4868349044431689,2387,1,0,515,0.7825597965729322,0.7046581396857445,-1.2884562149325383,-0.7265402278085681
4058,898,1,1,-0.6504085499394767,0.676977069273095,6,2,0.5658727928907179,1,1,4,-1.0047956244259384,1,1,1,1,1,1,1,1,3,1,1,-1.4727407520661506,-0.5541475075936775,-0.24831296685183657,-0.27330037394865414,0.9499182488230025,-0.15931199873028465,0.324355833301677,0,0.8054297676060558,1,1,1,2,2.629291934690341,6000,1,0,592,-0.1271499130763512,-0.21491365715490074,0.2645750571094176,-0.5370427089678136
1196,2269,1,1,-0.6504085499394767,-1.2789877528891656,5,2,0.0026572399139286416,1,2,2,1.8848836570958363,1,1,1,1,1,1,1,2,1,2,0,0.18240906009930805,-0.9753191360704339,-0.24831296685183657,-0.27330037394865414,-0.8576651403783545,-1.026571692684818,-0.22595250974724573,0,-1.1648180027517083,2,1,1,1,-0.4868349044431689,6586,1,0,56,-0.09375618779615254,-0.3260170990779907,0.23736215352823842,0.883952283237495
2534,4621,1,2,-0.31718476167849363,0.22873513086091027,6,2,-0.0588433089743414,1,2,0,2.5705702662704946,2,1,2,2,2,2,2,2,3,1,1,0.5396954151350245,0.3550298264059423,-0.24831296685183657,-0.27330037394865414,0.10489102760190157,0.3100944484926214,-1.127071854893408,1,-1.1051135248620791,2,1,2,1,-0.4868349044431689,1474,1,0,218,-0.32535783086849823,-0.9632674619518835,1.0010205467238957,1.8039230221604994
3905,1825,1,1,-0.6504085499394767,1.3289653433271817,2,2,1.483202032624178,2,1,4,-1.0047956244259384,1,1,1,1,1,1,1,1,2,1,1,-1.328164413051698,-0.2998293920329539,-0.24831296685183657,-0.27330037394865414,2.6369606428809247,0.5403561380735791,1.205187313266312,1,0.20838498870976363,1,1,1,1,-0.4868349044431689,5650,1,0,206,1.4116544921740946,0.9024089559474301,0.13041187744499028,-0.9837897288097022
5496,6700,1,2,-0.31718476167849363,-1.2789877528891656,5,1,-1.4863034173810314,1,2,1,-0.41706424513337415,1,2,1,1,2,1,1,2,1,1,0,-0.8163309370005319,-0.9885800407600048,-0.24831296685183657,-0.27330037394865414,-0.884832635609114,-1.0450882648119515,1.206877968698106,1,1.8204058917297523,1,2,2,1,-0.4868349044431689,2137,1,0,290,-0.9447575739689577,-0.8599331232530977,0.8086553424668225,1.9157870764462341
5876,1874,1,2,-0.31718476167849363,-1.0752414172472633,5,2,0.12112671829870145,2,2,0,3.011368800739918,1,1,1,1,1,1,1,2,1,2,1,-0.5255164619714603,-0.8857363190327332,-0.24831296685183657,-0.27330037394865414,-0.7088581382404815,-0.9117445126964241,-1.1321438211887898,0,-1.1051135248620791,2,1,2,2,0.5518740419346677,2620,1,0,595,1.384724068561031,2.0471332528306654,-1.0901711457844492,-0.9717806545119099
3806,4411,1,2,1.0157103913654388,-0.6269994788350787,4,2,-0.9942990262748708,2,2,1,1.5420403525085071,1,2,1,1,2,2,2,2,1,2,0,0.35357415111641893,-0.4226858268275149,-0.24831296685183657,-0.27330037394865414,-0.7322221841389347,-0.5524008494292002,0.3818381179826704,0,-1.0454090469724497,2,1,2,1,-0.4868349044431689,1911,1,0,864,0.8762776707463931,0.4603117420266992,-0.9908048697474189,-1.0202424700837096
663,1119,1,1,-0.6504085499394767,-0.5455009445783178,4,2,0.808638117449679,1,1,4,-1.0047956244259384,1,1,1,1,1,1,1,1,3,1,1,-1.4710789550659844,-0.8304420974818766,2.797730759920351,-0.27330037394865414,-0.08923844375354695,-0.693315279196707,0.38437410113036136,0,-1.0454090469724497,2,1,1,2,0.5518740419346677,1547,1,0,580,1.3858012855055535,1.7131011052706917,-0.9719001087067636,-1.0184931167411178
4559,3334,1,1,-0.6504085499394767,-1.2789877528891656,6,2,1.5233392329512598,2,2,1,-0.31910901525128005,1,1,1,1,1,1,1,2,1,2,1,-0.48729513096763954,-0.9842112235744224,-0.24831296685183657,-0.27330037394865414,-0.8299188593796354,-1.0254058990768138,0.3192838670062952,0,0.029271555040875995,1,1,1,1,-0.4868349044431689,3081,1,0,449,0.7814825796284096,0.7703759225957773,-1.4803326230059506,-0.9992975097926781
369,5337,1,1,-0.6504085499394767,-1.238238485760785,5,2,-0.9917095294795751,1,2,2,0.31759997898233133,1,1,1,1,1,1,1,2,1,1,0,0.16246749609731476,-0.9422661656461787,-0.24831296685183657,-0.27330037394865414,-0.8667839692123311,-1.0031231853238227,-1.7559956755207482,0,0.32779394448902205,1,1,1,1,-0.4868349044431689,2796,1,0,524,-0.13038156390991884,0.10742919004808762,0.35250545206317113,-1.0329134618624827
6446,4465,1,1,-0.6504085499394767,-0.5455009445783178,6,2,0.09005275675515466,1,2,0,2.3746598065063065,1,2,1,1,2,1,1,2,2,1,0,-0.21808401694072754,-0.5450568374903444,-0.24831296685183657,-0.27330037394865414,-0.33835256306516315,-0.5328022532946378,-0.310485281336942,0,-1.642453825868742,2,1,1,1,-0.4868349044431689,6308,1,0,498,-0.4497763879608514,-1.0642747152479757,0.920503328458723,0.14496869554263647
782,3326,1,2,1.0157103913654388,1.6142102132258447,6,2,1.2682737986146446,2,2,1,-0.12319855548709195,2,2,2,2,1,1,1,2,3,1,1,0.2438955491054544,1.207500795926032,-0.24831296685183657,-0.27330037394865414,2.733877729128047,1.7612108064558665,0.21784454109865967,1,-0.4483642680761577,1,1,2,1,-0.4868349044431689,3267,1,0,554,-1.8657780615357278,-0.8804625127011803,0.7427574470964641,2.2014044694893973
6073,4767,1,1,-0.6504085499394767,-1.0344921501188828,5,2,1.5427604589159765,2,2,2,0.21964474910023726,1,1,1,1,1,1,1,2,1,2,0,0.33695618111475767,-0.7675134782228809,-0.24831296685183657,-0.27330037394865414,-0.497955691568651,-0.7559156036265158,0.641353726763038,0,0.9248387233853143,1,1,1,1,-0.4868349044431689,5116,1,0,84,0.9796904974205567,0.6566610412312354,-0.23224146887072702,-1.0388707191913087
2651,632,1,2,0.34926281484347255,-1.1567399515040242,5,1,-1.4863034173810314,1,2,1,-0.7599075497207033,1,1,2,1,1,1,1,2,3,2,0,-1.1586611190347533,-0.9541369921403371,-0.24831296685183657,-0.27330037394865414,-0.884832635609114,-1.017845692624906,-1.2564069954256432,1,1.8801103696193817,1,2,2,1,-0.4868349044431689,1851,1,0,557,1.3836468516165084,1.5643239937134563,-1.0837986918344888,-0.8691834449599045
4289,40,1,1,-0.6504085499394767,-1.238238485760785,6,2,1.3614956832452858,1,2,1,0.31759997898233133,2,1,1,1,1,1,1,2,1,2,0,-0.5155456799704636,-0.9661181423007981,-0.24831296685183657,-0.27330037394865414,-0.7809110603742349,-0.9966135892791282,-0.7821781468074471,1,1.3427700686127186,1,2,1,1,-0.4868349044431689,6162,1,0,855,-0.7309300104812338,-1.310941312243249,1.2170081146945113,1.185975773844965
320,964,1,1,-0.6504085499394767,-1.0344921501188828,6,1,-1.4863034173810314,1,2,1,-0.31910901525128005,2,1,2,1,1,1,1,2,2,1,1,-0.9791870430168121,-0.8894652589537606,-0.24831296685183657,-0.27330037394865414,-0.884832635609114,-0.966693880273702,-0.7923220793982108,1,0.029271555040875995,1,1,1,1,-0.4868349044431689,6965,1,0,864,0.8757390622741318,0.46435264785389535,-0.9870783210651386,1.427575654402913
5338,5339,1,1,-0.6504085499394767,-0.5862502117066982,6,2,0.000715117317456881,1,1,4,-1.0047956244259384,1,1,1,1,1,1,1,1,1,1,1,-1.4860351280674797,-0.848115948823551,-0.24831296685183657,-0.27330037394865414,-0.396455566995644,-0.7896747526583032,-0.16593424191856138,1,0.865134245495685,1,1,1,1,-0.4868349044431689,1779,1,0,1016,1.0211633497846744,0.5396250505165312,-0.5095332693118699,0.1214233451477523
3116,3628,1,2,1.682157967887405,1.0844697405568993,2,2,1.1336199652592744,2,2,2,-0.8088851646617503,2,2,2,1,2,2,2,2,2,2,1,1.475287126228552,1.8875800044816997,-0.24831296685183657,-0.27330037394865414,1.935543163840508,2.0632106877293728,0.664177575092256,0,0.32779394448902205,1,1,2,1,-0.4868349044431689,715,1,0,691,0.6010487414208845,0.6507041886756225,-1.1380796704979874,0.31962035088139573
5036,5192,1,2,0.01603902658248947,-0.09725900616613313,6,2,-0.0044638762731341744,1,1,4,-1.0047956244259384,1,1,1,1,1,1,1,1,2,1,1,-1.46443176706532,-0.7472359883564654,-0.24831296685183657,-0.27330037394865414,-0.07370572365422146,-0.6145125178556538,-1.6131352915341615,1,-0.09013740073838243,1,1,2,1,-0.4868349044431689,1159,1,0,689,1.0098525718671878,0.6430687561533,-0.4732258787123605,0.1533845035151051
2186,4564,1,1,-0.6504085499394767,-1.1159906843756437,5,2,0.43898744992123423,2,2,2,1.0522642030980367,1,1,2,2,1,1,1,2,1,2,0,0.5978583101408388,-0.8219692399098378,-0.24831296685183657,-0.27330037394865414,-0.70918887296503,-0.8614059635508039,0.7343397755117039,0,-1.5230448700894836,2,1,1,1,-0.4868349044431689,303,1,0,554,-1.8410020718117093,-0.8344469811378717,0.6627615185884189,-0.019470518660992326
5999,741,1,1,-0.6504085499394767,-0.8714950816053613,6,2,-0.7185176175758912,1,2,0,0.12168951921814321,1,2,1,2,1,1,1,2,3,2,0,-0.3393951979528547,-0.7409916688437389,-0.24831296685183657,-0.27330037394865414,-0.7307338778784671,-0.8037236127547616,-0.2174992325882761,1,1.5218835022816064,1,2,1,2,0.5518740419346677,1572,1,0,111,0.01665854901740762,0.8049115712352067,0.21822947327943842,-1.0077133177651467
2372,4427,1,2,-0.31718476167849363,-0.38250387606479613,6,2,1.2248997272934439,1,2,2,-0.41706424513337415,2,1,1,1,2,2,2,2,2,2,0,1.0083221691818711,0.020153369711069596,-0.24831296685183657,-0.27330037394865414,0.25294206465509256,0.08897411657442739,-0.3172479030641177,0,1.2233611128334603,1,2,2,1,-0.4868349044431689,726,1,0,407,0.9409106874177453,0.8050456469999205,-0.2819519943297324,-1.0309277094195406
2008,6823,1,1,-0.6504085499394767,-0.5862502117066982,4,2,0.8248224724202764,1,2,2,0.2686223640412843,2,1,1,1,2,2,2,2,1,2,0,1.0398963121850275,-0.23815846256980774,-0.24831296685183657,-0.27330037394865414,-0.1257964427705907,-0.2272526351967593,0.9980820228715562,0,-1.403635914310225,2,1,1,1,-0.4868349044431689,3581,1,0,554,-1.8555445005627635,-0.8344465760751395,0.7190719530116237,0.27073301692896556
6292,1186,1,2,-0.31718476167849363,-1.2789877528891656,5,2,1.031334841845099,1,2,2,-0.5639970899565152,1,1,2,1,1,1,1,2,1,1,1,0.35191235411625243,-0.9730685332778611,-0.24831296685183657,-0.27330037394865414,-0.8388959447602341,-1.019245343034516,-0.7492103658874656,1,-0.8662956133035622,1,1,2,1,-0.4868349044431689,4405,1,0,1073,-1.5523079306796692,-0.9185813462791985,0.8098343949896134,0.7445240938509219
3845,4771,1,1,-0.6504085499394767,-1.1159906843756437,6,2,-0.5631478098581563,1,2,1,0.2686223640412843,1,1,2,1,2,2,2,2,1,2,0,0.17576187209864347,-0.8534556142725962,-0.24831296685183657,-0.27330037394865414,-0.8006134003937596,-0.9133256639072803,0.459608267845191,1,0.32779394448902205,1,1,1,1,-0.4868349044431689,3690,1,0,726,0.44054341668702635,0.4818315098576485,-1.1238423791883128,-0.9653033191623132
4050,4401,1,1,-0.6504085499394767,0.7992248706582362,6,1,-1.4863034173810314,1,2,1,-0.12319855548709195,2,2,2,2,2,2,2,2,3,1,1,-0.028639158921789646,0.46537555744178966,-0.24831296685183657,-0.27330037394865414,-0.884832635609114,0.1049112830838506,0.8281711519762668,1,0.6263163339371681,1,1,1,1,-0.4868349044431689,4771,1,0,338,1.050248207286783,0.9323925095902599,-1.4704531840915434,-0.7528750875875851
2053,4421,1,1,-0.6504085499394767,0.5139800007595733,2,2,-0.5916322746064077,2,2,2,-0.6129747048975622,1,1,2,1,1,2,2,2,1,2,1,0.8155537171626008,0.8436533444601,-0.24831296685183657,-0.27330037394865414,-0.15024718847827429,0.6211763506284838,0.9042506464069934,0,-0.26925083440727005,1,1,1,1,-0.4868349044431689,3898,1,0,16,-0.8537327421568032,-1.3651711109747346,1.4171629568984334,-0.26731133546818675
2043,6691,1,2,1.3489341796264218,-1.1974892186324047,5,1,-1.4863034173810314,1,2,0,1.5910179674495541,1,2,1,1,1,2,2,2,1,1,1,-0.8130073430001998,-0.9655003297695036,-0.24831296685183657,-0.27330037394865414,-0.884832635609114,-1.0268334726866155,1.0572549629843437,0,0.7457252897164266,1,1,2,2,2.629291934690341,2594,1,0,986,0.04035732179690346,-0.4551600098276907,0.5127354405533586,0.17328930776459553
6001,6977,1,2,1.0157103913654388,-0.5862502117066982,4,2,-0.4000095117545344,2,2,2,0.12168951921814321,1,1,1,1,1,1,1,2,1,2,0,0.2787932861089434,-0.4300113182700066,-0.24831296685183657,-0.27330037394865414,-0.5280643634570014,-0.49786683945477417,-0.09915335236270133,1,-0.26925083440727005,1,1,2,1,-0.4868349044431689,6870,1,0,963,-1.0136994584184,-0.8337701213105607,0.6331297005598803,0.18993180442925262
683,3288,1,1,-0.6504085499394767,-1.238238485760785,6,2,-0.08991727051788842,2,2,2,0.36657759392337835,1,1,2,1,1,2,2,2,1,2,0,0.7906267621601091,-0.9272180175625059,-0.24831296685183657,-0.27330037394865414,-0.8338758641197677,-0.9814966667753368,-0.604659326469085,0,1.2830655907230895,1,2,1,1,-0.4868349044431689,5654,1,0,451,-0.47401376921260846,-1.0100153469369604,0.8970601435931289,-0.21364873968868164
5262,6652,1,2,-0.31718476167849363,-0.015760471909372284,3,2,-0.025179850635498855,2,2,2,-0.46604186007442117,1,1,2,1,1,1,1,2,1,2,0,0.46989994112804756,0.07394718940021087,-0.24831296685183657,-0.27330037394865414,-0.031726037545474046,0.04740345228900651,1.3091626223216386,1,0.9248387233853143,1,1,2,1,-0.4868349044431689,2698,1,0,855,-0.7325458358980176,-1.3409722582258738,1.209003090774998,2.462909154296836
2887,5715,1,1,-0.6504085499394767,0.676977069273095,2,2,1.3097057473393738,2,2,0,-0.5150194750154682,2,2,2,2,1,2,2,2,3,1,1,0.5513279941361872,0.785733419651242,-0.24831296685183657,-0.27330037394865414,1.61494309620865,1.0969737202952696,0.11555988747512719,1,1.2233611128334603,1,2,1,1,-0.4868349044431689,679,1,0,466,0.023660459156804117,0.14705526205664196,0.8328672324417569,-1.0434095819180333
4978,1140,1,2,0.6824866031044556,1.5327116789690838,1,2,-1.1127685046596436,2,2,2,1.346129892744319,2,2,2,1,2,2,2,2,2,2,1,1.4420511862252297,2.4933893208824656,-0.24831296685183657,-0.27330037394865414,-0.40774779544808143,1.849936775065052,0.6692495413876377,0,-1.1648180027517083,2,1,2,1,-0.4868349044431689,4030,1,0,548,-1.444047627755154,-0.9449436390865096,0.7320605627125135,3.2870909777579222
5777,6394,1,1,-0.6504085499394767,-1.2789877528891656,6,2,-0.025827224834322853,2,2,0,-0.9068403945438445,1,1,1,1,1,1,1,2,1,1,1,-0.47233895796614456,-0.9840126409750776,-0.24831296685183657,-0.27330037394865414,-0.8581848663740734,-1.0336013583330832,-0.8819268172832888,0,1.3427700686127186,1,2,1,1,-0.4868349044431689,2924,1,0,1087,1.024395000618242,0.4957336679265405,-0.3912705877245085,-0.5047978716800405
5940,6780,1,1,-0.6504085499394767,-0.7899965473486004,6,2,-1.2377117250326555,1,2,2,-0.8088851646617503,1,2,2,1,1,1,1,2,1,2,0,0.544680806135523,-0.5860751766216462,-0.24831296685183657,-0.27330037394865414,-0.8258673590039178,-0.7093048017064899,0.34295304305141017,0,-0.5677732238554162,1,1,1,1,-0.4868349044431689,2022,1,0,858,0.3473641509858268,0.6275410813357563,-1.2468941493101833,0.2726242097317675
100,2581,1,1,-0.6504085499394767,-0.13800827329451357,6,1,-1.4863034173810314,1,2,0,1.8848836570958363,1,1,1,2,1,1,1,2,1,2,0,-1.115454397030434,-0.5975929673836363,-0.24831296685183657,-0.27330037394865414,-0.884832635609114,-0.7358388226886703,0.3049132958360468,0,-0.9857045690828207,1,1,1,1,-0.4868349044431689,3310,1,0,451,-0.46755046754547325,-1.024934212466385,0.9397831581759166,-0.7488563028816311
5475,3270,1,1,-0.6504085499394767,-0.056509739037752714,6,2,1.1627518042063498,1,2,2,-0.025243325604997886,2,1,2,2,1,1,1,1,1,1,0,0.7590526191569525,0.19587690539783015,-0.24831296685183657,2.515189223742281,0.6135374100484077,0.3589495776280566,0.5864074252297354,0,0.5666118560475389,1,1,1,1,-0.4868349044431689,365,1,0,691,0.6026645668376683,0.6321263914764815,-1.1057072516448216,0.9793629601388529
5593,5564,1,2,-0.31718476167849363,1.1659682748136602,2,2,0.24218569347877,2,2,1,0.4645328238054724,2,2,1,1,1,1,1,1,1,1,0,-0.16490651293541178,0.6006544370620219,-0.24831296685183657,3.710256194181253,1.0389803853621011,0.8152949479612862,0.8290164796921637,0,-1.1648180027517083,2,1,2,2,0.5518740419346677,2228,1,0,246,1.4121931006463557,2.2492725187447014,-0.30042691181286246,-1.0418493478557218
1486,4775,1,1,-0.6504085499394767,1.3289653433271817,6,1,-1.4863034173810314,1,2,1,0.21964474910023726,1,2,1,2,2,1,1,2,3,1,1,-0.6484894399837535,0.28841639669244007,-0.24831296685183657,-0.27330037394865414,-0.884832635609114,-0.03505375787713782,1.1088199536540584,0,-0.806591135413933,1,1,1,2,1.5905829883125042,4842,1,0,63,1.0976457528457746,1.8746429587417688,-1.992692217755069,-0.9669108330446948
4920,6484,1,2,1.3489341796264218,0.22873513086091027,6,2,-1.3011543965173973,1,1,4,-1.0047956244259384,1,1,1,1,1,1,1,1,1,1,1,-1.4727407520661506,-0.6615586291058763,-0.24831296685183657,-0.27330037394865414,-0.7564603146665514,-0.7484985035755906,1.003153989166938,0,-1.2245224806413375,2,1,2,2,1.5905829883125042,2749,1,0,595,1.384724068561031,2.0471332528306654,-1.0901711457844492,-0.9717806545119099
1980,6303,1,1,-0.6504085499394767,0.18798586373252985,6,2,0.22859083530346813,1,1,4,-1.0047956244259384,1,1,1,1,1,1,1,1,3,1,1,-1.4926823160681442,-0.6602347451102453,-0.24831296685183657,-0.27330037394865414,0.2728924557180285,-0.44328047347998867,-0.8388151037725436,0,-1.1051135248620791,2,1,1,1,-0.4868349044431689,5543,1,0,1029,0.5945854397537493,0.7725559702262904,-1.1561693070386332,0.7128938942240595
136,3909,1,2,-0.31718476167849363,0.5954785350163341,6,2,-1.061625942952556,1,2,1,-0.46604186007442117,2,1,2,1,2,1,1,1,2,2,1,0.042818112085353605,0.3270296798983455,-0.24831296685183657,1.3201222533033088,-0.5206464560635592,0.11706485596729609,-0.8421964146361315,0,0.14868051082013442,1,1,2,1,-0.4868349044431689,1856,1,0,910,-0.12014800293695471,-0.28627801456685176,0.21810181995511937,-0.32920061993988026
1848,456,1,1,-0.6504085499394767,1.5734609460974642,6,2,-0.4136043699298363,2,2,2,-0.7599075497207033,2,1,1,2,1,2,2,2,2,1,1,1.0930738161903437,1.9449924404255663,-0.24831296685183657,-0.27330037394865414,0.5048083693531291,1.685842598738395,0.776606161306552,1,0.029271555040875995,1,1,1,1,-0.4868349044431689,4464,1,0,187,-0.9571455688309668,-0.9132381637645063,0.9427962408237293,2.1093506598130127
1814,4041,1,1,-0.6504085499394767,-1.2789877528891656,6,2,-0.5903375262087598,1,2,1,0.2686223640412843,1,1,1,1,1,1,1,1,1,2,1,-0.6551366279844181,-0.9864397616337345,-0.24831296685183657,2.515189223742281,-0.8684848906528656,-1.0141319069994077,-1.4846454787178232,1,-0.9260000911931914,1,1,1,1,-0.4868349044431689,3772,1,0,1052,1.0233177836737195,0.5962771243930298,-0.40397882430580706,-0.6539657040010436
5073,2836,1,2,-0.31718476167849363,0.35098293224605154,2,1,-1.4863034173810314,1,2,0,-0.221153785369186,2,1,2,1,1,1,1,2,2,1,1,-0.9758634490164798,-0.38303550115836504,-0.24831296685183657,-0.27330037394865414,-0.884832635609114,-0.5661355735235016,-0.021383202500180762,0,-0.5677732238554162,1,1,2,2,1.5905829883125042,2257,1,0,315,1.3691044228654543,1.952332370733884,-0.7948212739883096,-0.9568402313697745
5976,6882,1,1,-0.6504085499394767,1.3289653433271817,6,2,0.6118363610072143,2,2,2,0.023734289336049142,1,2,2,1,2,1,1,2,3,2,0,1.0199547481830342,1.7399890037020989,-0.24831296685183657,-0.27330037394865414,1.6035327482117305,1.8483660950542677,-0.19636603969085203,0,1.3427700686127186,1,2,1,1,-0.4868349044431689,5395,1,0,560,-0.1276885215486125,-0.22672974214740213,-0.0633087730193896,-0.9284723393277454
5392,1030,1,2,2.6818293326703544,-0.056509739037752714,6,2,-0.8674136833053872,1,1,4,-1.0047956244259384,1,1,1,1,1,1,1,1,1,2,0,-1.4660935640654862,-0.6965091665905359,5.2894881749658165,-0.27330037394865414,-0.5347735535835542,-0.7259086346204903,-1.192162089017474,1,-0.9260000911931914,1,1,2,2,0.5518740419346677,6230,1,0,36,-1.3352487163583777,-0.8381439887045153,0.7932849538311073,0.4157402250838044
6332,4492,1,1,-0.6504085499394767,1.5734609460974642,6,2,-1.0493258331749018,2,2,2,-0.270131400310233,1,1,2,2,1,1,1,2,3,2,1,0.719169491152966,1.717350587376808,-0.24831296685183657,-0.27330037394865414,-0.3187447186812237,1.2624326430312969,-0.2800534835646513,1,0.3874984223786513,1,1,1,1,-0.4868349044431689,1177,1,0,325,-0.25372290405774944,-0.7247762461023927,0.41386260263905705,-0.2896746903613197
3440,1942,1,1,-0.6504085499394767,-0.7899965473486004,4,1,-1.4863034173810314,1,2,1,-0.17217617042813899,2,1,1,2,2,1,1,2,1,2,1,-0.6385186579827569,-0.742867171170883,-0.24831296685183657,-0.27330037394865414,-0.884832635609114,-0.8507427914775914,0.3852194288462583,1,0.32779394448902205,1,1,1,1,-0.4868349044431689,1838,1,0,436,-0.4524694303221577,-1.0252760854132732,0.8295993073392182,1.625347141755926
1719,1403,1,1,-0.6504085499394767,-0.6269994788350787,6,2,1.7363253443643214,2,2,2,-0.07422094054604492,1,2,2,2,1,1,1,2,1,2,1,0.9285559131738974,-0.31929048676873034,-0.24831296685183657,-0.27330037394865414,0.11476582152056024,-0.22033815274928523,-1.7357078103392212,0,-0.5677732238554162,1,1,1,2,1.5905829883125042,3793,1,0,10,1.0362443870079898,1.2266268385427679,-1.838519031358345,-0.9969335187891757
4394,4144,1,1,-0.6504085499394767,-1.238238485760785,6,2,0.5212039731718692,1,1,4,-1.0047956244259384,1,1,1,1,1,1,1,1,2,1,0,-1.4710789550659844,-0.989440565357165,-0.24831296685183657,-0.27330037394865414,-0.8115748941216486,-1.0241214318679948,0.07244817396438209,0,-0.14984187862801165,1,1,1,2,2.629291934690341,2066,1,0,579,0.996387360060656,0.6613913638304743,-0.67045119317166,0.6901995805904362
550,542,1,1,-0.6504085499394767,1.6142102132258447,1,2,0.19751687375992136,2,1,4,-1.0047956244259384,1,1,1,1,1,1,1,1,3,1,0,-1.3082228490497045,-0.2078635838031174,-0.24831296685183657,-0.27330037394865414,1.3272156978060108,0.22607004871571665,1.4714655437738553,1,1.99951932539864,1,2,1,1,-0.4868349044431689,6433,1,0,89,0.015042723600623812,0.34364921915207725,0.631047326694822,-0.4175193238307309
518,2731,1,2,0.6824866031044556,0.5139800007595733,2,2,-0.030358844226090143,2,1,4,-1.0047956244259384,1,1,1,1,1,1,1,1,2,2,1,-1.2916048790480432,-0.46944099660655125,-0.24831296685183657,-0.27330037394865414,0.31059621431654333,-0.2812316715673751,1.1333344574150703,0,0.08897603293050521,1,1,2,1,-0.4868349044431689,4917,1,0,419,-1.7408208959711133,-0.9446609052986804,0.6314651012107728,-0.16296477257358963
6081,5129,1,2,0.6824866031044556,-1.238238485760785,6,2,-0.2698872977909315,1,2,2,-0.07422094054604492,1,1,1,2,2,2,2,2,1,2,0,0.9784098231788811,-0.9324032298787275,-0.24831296685183657,-0.27330037394865414,-0.8404433107929425,-0.9875385492168198,-0.5792994949921761,1,0.14868051082013442,1,1,2,1,-0.4868349044431689,1983,1,0,426,-0.5052530606037621,-0.9865549235508664,1.2235295748884938,-0.8442669797829889
2823,3341,1,2,2.348605544409371,0.4324814665028124,6,2,1.7169041183996043,2,2,2,-0.46604186007442117,2,2,1,1,1,2,2,2,1,2,0,0.9750862291785486,0.8062094921170022,-0.24831296685183657,-0.27330037394865414,1.6283260405984108,1.1171237996336185,-0.007012631329932395,0,-0.806591135413933,1,1,2,1,-0.4868349044431689,1598,1,0,864,0.8875884486638796,0.4983062213456008,-1.015996208865304,-0.5901852267265482
1501,2360,1,2,1.682157967887405,0.47323073363119283,6,2,0.5995362512295604,2,1,4,-1.0047956244259384,1,1,1,1,1,1,1,1,2,1,0,-1.3265026160515319,-0.5590238136442519,-0.24831296685183657,-0.27330037394865414,0.7897245225971068,-0.21050569588177637,0.7867500938973155,1,-0.14984187862801165,1,1,2,1,-0.4868349044431689,2109,1,0,357,-0.3479793867034715,-0.9763185832181536,0.8470585685546809,1.3475309190243208
507,1394,1,2,-0.31718476167849363,0.18798586373252985,6,2,1.439180587104153,1,1,4,-1.0047956244259384,1,1,1,1,1,1,1,1,1,1,0,-1.504314895069307,-0.6509896218740885,-0.24831296685183657,-0.27330037394865414,1.0901615839859622,-0.19446730777165802,-0.4026260023697109,0,0.6263163339371681,1,1,2,1,-0.4868349044431689,5187,1,0,1073,-1.5512307137351466,-0.8995539294461182,0.784863083783454,0.4731852064689134
3647,2075,1,1,-0.6504085499394767,-1.1567399515040242,6,2,-1.0163097490348831,1,2,2,0.4155552088644254,1,1,2,1,1,1,1,2,1,2,0,0.33363258711442517,-0.8642673335702497,-0.24831296685183657,-0.27330037394865414,-0.8505307198916681,-0.9366275744672692,1.252525665356542,1,0.26808946659939287,1,1,1,1,-0.4868349044431689,5200,1,0,394,-0.02804595418027771,-0.5109683380307681,-0.3889811833771031,-0.7760421994219089
5219,5109,1,2,-0.31718476167849363,-1.2789877528891656,6,2,0.18910100917521055,2,2,2,-0.5639970899565152,2,1,2,1,2,2,2,2,1,2,0,1.2526063282062914,-0.9611094478506607,-0.24831296685183657,-0.27330037394865414,-0.8542632974972855,-1.0143273694007495,0.34717968163089497,0,0.32779394448902205,1,1,2,1,-0.4868349044431689,2785,1,0,357,-0.3452863443421652,-0.9780238973252613,0.8031611433881698,-0.29605746607077627
4002,6971,1,1,-0.6504085499394767,-1.2789877528891656,5,2,1.0811826551545387,1,2,2,-0.6129747048975622,1,2,1,1,1,1,1,2,1,2,1,0.3170146171127639,-0.9735318926763318,-0.24831296685183657,-0.27330037394865414,-0.8379864242677261,-1.019343074235187,1.3488930249687958,0,-0.9260000911931914,1,1,1,1,-0.4868349044431689,2904,1,0,1048,1.1870547592411453,0.8275286540106119,-0.8498700293733442,-0.9359425508988131
5410,737,1,2,2.015381756148388,0.22873513086091027,3,2,-1.0350836008007762,1,1,4,-1.0047956244259384,1,1,1,1,1,1,1,1,3,1,0,-1.4744025490663168,-0.678217502717567,-0.24831296685183657,-0.27330037394865414,-0.5719812100952464,-0.7071616960917754,-0.5446410586404007,1,0.9248387233853143,1,1,2,1,-0.4868349044431689,6514,1,0,855,-0.7379319206206303,-1.3902384182237504,1.2227418378289776,0.5173918382344087
1058,4242,1,2,-0.31718476167849363,-0.38250387606479613,4,2,0.3244022167294047,2,2,0,1.49306273756746,2,2,2,2,2,2,2,2,3,2,1,0.8753784091685812,-0.03622202376955238,-0.24831296685183657,-0.27330037394865414,-0.12495779400477172,-0.06728411169842866,1.344666386389311,0,-1.5827493479791128,2,1,2,2,1.5905829883125042,6061,1,0,677,-1.0153152838351838,-0.8215704419096448,0.6425305555565789,0.6848569609225207
553,2600,1,1,-0.6504085499394767,0.18798586373252985,6,2,1.25921055983111,2,2,1,-0.8088851646617503,2,2,2,2,2,1,1,1,1,2,1,0.46989994112804756,0.30739206729648505,-0.24831296685183657,0.921766596490318,0.9686638205322264,0.5381292628582895,-0.5066013114250374,0,-0.20954635651764086,1,1,1,1,-0.4868349044431689,2068,1,0,888,0.8488086386610683,0.3147824234649006,-1.0372251887963586,0.6851406398429409
2574,4984,1,1,-0.6504085499394767,1.6142102132258447,6,2,-0.21486049089090029,2,1,4,-1.0047956244259384,1,1,1,1,1,1,1,1,3,1,1,-1.3514295710540236,-0.24082829529433034,-0.24831296685183657,-0.27330037394865414,0.7854722189957706,0.0399130538375782,-0.11521457896474362,1,0.08897603293050521,1,1,2,2,0.5518740419346677,5594,1,0,1095,-1.1429654917611047,-0.8278355472052795,0.5399854796470719,0.18194151483741441
803,3136,1,1,-0.6504085499394767,0.5547292678879536,6,2,-0.4479152024675028,2,2,1,0.2686223640412843,1,1,2,2,1,2,2,2,2,2,1,0.14418772909548702,0.430248502091046,-0.24831296685183657,-0.27330037394865414,-0.01329938860635034,0.33466337426130943,-0.4601082870507044,0,1.103952157054202,1,2,1,1,-0.4868349044431689,5344,1,0,442,1.3793379838384183,1.75273892409851,-1.3417470679932346,-1.0036945330591927
1244,6440,1,1,-0.6504085499394767,0.31023366511767114,2,2,0.7464901943625849,1,2,1,2.5705702662704946,1,1,1,2,1,1,1,2,1,2,0,-0.45405919096431707,-0.08273448148272311,-0.24831296685183657,-0.27330037394865414,0.7447446000585279,0.15292173541348647,-0.8836174727150827,1,-1.2245224806413375,2,1,1,1,-0.4868349044431689,2901,1,0,526,-0.12984295543765756,0.04302219014294844,-0.03201699758081767,0.39143839756779947
5319,1386,1,1,-0.6504085499394767,1.1252190076852797,6,2,-0.44338358307573555,2,2,0,-0.12319855548709195,1,1,2,2,2,2,2,2,2,1,1,0.5247392421335293,1.1326572207063572,-0.24831296685183657,-0.27330037394865414,0.25691088134967294,0.9700767370240052,-0.2039739891339247,0,-0.8662956133035622,1,1,1,1,-0.4868349044431689,6142,1,0,218,-0.3258964393407595,-0.9574746598032492,1.041475045685069,-0.010818311588173446
2653,2102,1,2,2.6818293326703544,-0.13800827329451357,6,2,-1.2694330607750264,1,2,2,1.8848836570958363,1,1,2,1,1,1,1,2,1,2,1,0.3502505571160864,-0.0074937410643587535,-0.24831296685183657,-0.27330037394865414,-0.7700794981452757,-0.23519329525127924,0.4308671255046943,1,-1.2245224806413375,2,1,2,1,-0.4868349044431689,372,1,0,870,-0.04582003376489959,-0.3903629345104037,-0.4037365150865542,0.23201084429159582
5327,1646,1,2,1.3489341796264218,0.7177263364014754,2,2,-0.5592635646652128,2,2,0,1.8359060421547893,1,1,2,2,2,1,1,2,2,2,0,0.16246749609731476,0.5126823455523392,-0.24831296685183657,-0.27330037394865414,-0.03909669712112358,0.3922410130566328,0.25842027146171387,1,-1.2842269585309667,2,1,2,1,-0.4868349044431689,3598,1,0,216,-0.14761703502227944,-0.06162009612159656,0.10409997423653806,0.06459300142355397
2347,6734,1,2,2.6818293326703544,0.7992248706582362,6,2,1.1523938170251673,1,1,4,-1.0047956244259384,1,1,1,1,1,1,1,1,3,1,1,-1.5142856770703037,-0.5408645381708461,-0.24831296685183657,-0.27330037394865414,1.618734733586508,0.04882753549878428,-0.16677956963445834,1,-1.642453825868742,2,1,2,2,2.629291934690341,2008,1,0,384,0.23748802264452792,0.02076075244736292,-0.7566051180448116,-0.37520388486803746
2741,706,1,1,-0.6504085499394767,-0.3010053418080353,3,2,1.0967196359263123,1,2,1,0.31759997898233133,1,2,1,2,1,1,1,2,2,2,1,-0.3327480099521901,-0.44748658701233646,1.746105360274448,-0.27330037394865414,0.29340982059447596,-0.2744463339207874,0.6219111892974079,0,-0.5677732238554162,1,1,1,2,0.5518740419346677,1089,1,0,205,1.0448621225641703,1.0696220927471565,-1.381137634520456,-0.9715442554115596
6431,4139,1,1,-0.6504085499394767,-0.2195068075512744,6,2,-0.3663460534156919,1,1,4,-1.0047956244259384,1,1,1,1,1,1,1,1,2,1,1,-1.4860351280674797,-0.7623282659066593,-0.24831296685183657,-0.27330037394865414,-0.3330962433357336,-0.7030988704638804,-1.690905441396682,1,-1.2245224806413375,2,1,1,2,2.629291934690341,784,1,0,726,0.4416206336315489,0.49365164547748397,-1.1022996041763895,0.11121090401262182
1635,1699,1,1,-0.6504085499394767,-0.13800827329451357,6,2,-1.0324941040054807,2,2,2,1.0522642030980367,1,1,1,1,1,1,1,2,1,2,1,0.3735157151184122,-0.028742079194237057,-0.24831296685183657,-0.27330037394865414,-0.6447074136325448,-0.21495246551230746,0.7808327998860368,0,-1.3439314364205959,2,1,1,1,-0.4868349044431689,390,1,0,201,0.0672877454099669,0.2917250374984182,0.07562956936235075,1.1686713596993272
5711,1780,1,1,-0.6504085499394767,-0.5047516774499374,4,2,0.3632446686588386,1,2,2,-0.270131400310233,2,2,1,2,2,1,1,2,1,2,0,1.0565142821866886,-0.1671320862042022,-0.24831296685183657,-0.27330037394865414,-0.20989755844146357,-0.19592629498167527,-0.015465908488902022,0,-0.8662956133035622,1,1,2,1,-0.4868349044431689,5096,1,0,304,-1.1688186984296456,-0.8292042541810326,0.5748538691360847,0.2588185022713133
5396,2395,1,2,0.01603902658248947,-0.7492472802202199,6,2,1.1711676687910602,1,1,4,-1.0047956244259384,1,1,1,1,1,1,1,1,2,2,1,-1.504314895069307,-0.886287937364246,-0.24831296685183657,-0.27330037394865414,-0.20599961347357204,-0.7635875028791904,-1.1896261058697832,0,0.6860208118267973,1,1,2,2,0.5518740419346677,527,1,0,534,0.030662369296200614,-0.6854397939481331,0.8363055167080271,-0.5173270239986034
6445,6817,1,2,1.0157103913654388,0.676977069273095,2,2,0.19686949956109737,2,2,2,-0.221153785369186,2,2,2,1,1,1,1,2,2,2,0,0.7789941831589463,0.8292230089077217,-0.24831296685183657,-0.27330037394865414,0.6200103610859974,0.8373717281128636,1.341285075525723,1,1.700996935950494,1,2,2,1,-0.4868349044431689,5857,1,0,468,1.058327334370702,1.1088613298454268,-1.4090881422192452,-0.5786016708093863
6673,3887,1,2,0.34926281484347255,0.5547292678879536,6,2,-0.4459730798710311,1,1,4,-1.0047956244259384,1,1,1,1,1,1,1,1,1,1,0,-1.5009913010689746,-0.6306900672744125,-0.24831296685183657,-0.27330037394865414,-0.011669338892504644,-0.5039994722968804,0.5847167697979415,1,0.7457252897164266,1,1,2,1,-0.4868349044431689,5208,1,0,888,0.8498858556055908,0.3282738479222479,-1.0719589620524574,-0.8310286301633754
4366,6041,1,1,-0.6504085499394767,-1.2789877528891656,6,2,-0.7120438755876521,1,1,4,-1.0047956244259384,1,1,1,1,1,1,1,1,1,1,1,-1.4943441130683104,-0.9975824519302958,-0.24831296685183657,-0.27330037394865414,-0.870705538089119,-1.0480341624321776,-1.0746615365077963,0,0.20838498870976363,1,1,1,1,-0.4868349044431689,4108,1,0,867,0.5875835296143528,0.6155905155158059,-1.1152974977554144,0.9328868970099953
5292,320,1,1,-0.6504085499394767,-0.26025607467965484,3,2,-1.3257546160727054,1,2,2,-0.07422094054604492,1,2,2,2,2,2,2,2,3,2,0,1.3523141482162588,0.1919273181441976,-0.24831296685183657,-0.27330037394865414,-0.8086691533274022,-0.08886525504660299,1.3353677815144445,0,0.9845432012749434,1,1,1,2,0.5518740419346677,2378,1,0,854,-0.4384656100433647,-1.1212002064694384,0.9967411430988453,0.6054741430249092
3419,489,1,1,-0.6504085499394767,-0.8307458144769808,4,2,0.8597806791567667,2,2,1,0.4645328238054724,2,1,2,2,1,1,1,2,1,2,2,-0.10342002392926519,-0.6913460190075748,-0.24831296685183657,-0.27330037394865414,-0.3711543605676932,-0.6582018549556211,1.0733161895863859,0,0.32779394448902205,1,1,1,1,-0.4868349044431689,2545,1,0,673,-0.33720721725824615,-0.9201493441197257,1.0198547502907398,0.014334552689092372
6598,4967,1,1,-0.6504085499394767,1.3289653433271817,6,2,1.2248997272934439,2,2,2,-0.6619523198386092,2,1,2,2,2,2,2,2,3,1,0,1.4586691562268908,2.055360236194674,-0.24831296685183657,-0.27330037394865414,2.330617604267992,2.312659106242065,1.453713661740019,1,0.3874984223786513,1,1,2,1,-0.4868349044431689,6725,1,0,4,-1.1768978255135647,-0.837830470148957,0.4627528974650798,0.14955483808943118
6778,6633,1,1,-0.6504085499394767,-1.1567399515040242,6,2,0.615073232001334,2,2,2,-0.8578627796027974,1,1,2,2,1,1,1,2,1,2,2,0.7424346491552913,-0.8556400228653874,-0.24831296685183657,-0.27330037394865414,-0.7314662190542526,-0.8946206101788529,1.003153989166938,0,-0.806591135413933,1,1,1,1,-0.4868349044431689,884,1,0,855,-0.737393312148369,-1.366020932589157,1.1870643583607392,1.3745749761043886
5079,2397,1,1,-0.6504085499394767,-0.7084980130918396,4,2,-1.2823805447515044,2,2,1,0.2686223640412843,1,1,1,1,1,1,1,1,1,1,0,-0.43910301796282214,-0.6685090200829393,-0.24831296685183657,0.5234109396773273,-0.8290211508415755,-0.7684566109126212,-1.9554930164724313,1,0.029271555040875995,1,1,1,1,-0.4868349044431689,3642,1,0,899,0.7965636168517252,0.6688339864917561,-1.2807148531519807,-0.5166178266975526
5880,5661,1,2,1.682157967887405,-0.3010053418080353,6,2,0.9154548602556217,1,2,2,3.011368800739918,1,1,2,1,1,1,1,2,1,2,0,0.32698539911376057,-0.2129826019195574,-0.24831296685183657,-0.27330037394865414,0.21072613945738194,-0.1078984063772831,0.16120758413356318,0,-1.2245224806413375,2,1,2,1,-0.4868349044431689,5938,1,0,503,-0.5138707961599424,-1.0092619302530599,1.1319274061334468,-0.8318323871045662
6998,2942,1,2,1.3489341796264218,0.8807234049149971,6,2,-0.9340932257842485,2,2,0,2.5705702662704946,2,1,1,2,1,1,1,2,3,1,0,-0.1582593249347472,0.43845658286395844,-0.24831296685183657,-0.27330037394865414,-0.340750389818139,0.24439464884153186,0.33619042132423443,0,-1.4633403921998542,2,1,2,2,2.629291934690341,4646,1,0,9,0.6570640225360566,0.6856979632663888,-1.1783600967441856,-0.29586834679049606
2746,5743,1,1,-0.6504085499394767,-0.09725900616613313,3,2,-1.0499732073737258,2,2,1,-0.12319855548709195,2,1,2,1,2,2,2,2,2,2,1,0.4831943171293762,0.06474619563057515,-0.24831296685183657,-0.27330037394865414,-0.6459949166673937,-0.14138879460722545,-1.4753468738429565,0,0.7457252897164266,1,1,1,1,-0.4868349044431689,6598,1,0,800,-1.7295101180536265,-0.990098412341596,0.6448696286519916,0.9041407664074057
5963,642,1,1,-0.6504085499394767,-0.9122443487337416,4,2,-0.3812356599886415,2,2,2,-0.8578627796027974,1,2,1,1,1,1,1,1,1,2,0,0.5297246331340278,-0.6582268543835382,4.613714452449678,1.7184779101162997,-0.6832025731790862,-0.7201739073811162,-0.7678075756371988,1,0.44720290026828047,1,1,1,1,-0.4868349044431689,3568,1,0,1086,1.1892091931301902,0.9645147944648061,-1.0527431910943794,-0.6493322816341789
5677,4074,1,1,-0.6504085499394767,-0.178757540422894,3,2,-0.7534758243123816,1,2,1,-0.46604186007442117,2,2,1,2,1,1,1,2,2,2,0,-0.1615829189350795,-0.2761098037778977,-0.24831296685183657,-0.27330037394865414,-0.5104409274203521,-0.3709314617832463,-0.22764316517903965,0,0.6263163339371681,1,1,1,1,-0.4868349044431689,467,1,0,13,-0.44708334559954505,-1.0637740577096424,0.9398843524475597,0.9029114910855844
4021,1197,1,1,-0.6504085499394767,-1.1974892186324047,6,2,0.22146971911640534,1,2,1,0.21964474910023726,1,1,1,2,1,1,1,2,1,2,2,-0.4740007549663106,-0.9411187995166318,-0.24831296685183657,-0.27330037394865414,-0.7913528281064051,-0.9799259867645526,0.7250411706368373,1,-0.09013740073838243,1,1,1,1,-0.4868349044431689,1837,1,0,830,-0.5294904418555192,-0.9346453241556061,1.0681569114370866,2.342156493837932
2005,477,1,1,-0.6504085499394767,-0.38250387606479613,6,2,-0.942509090368959,1,2,0,0.31759997898233133,1,2,1,2,1,1,1,1,1,1,0,-0.35268957395418365,-0.4271429029461393,-0.24831296685183657,1.3201222533033088,-0.6566256756707344,-0.5196259932041707,-1.6097539806705736,1,1.0442476791645727,1,1,1,2,0.5518740419346677,2338,1,0,676,-1.1542762696785913,-0.7933772655479097,0.5915629929984643,1.6489870517909504
3984,1972,1,1,-0.6504085499394767,-1.2789877528891656,5,2,-0.6835594108394007,1,2,2,0.36657759392337835,1,1,1,1,1,1,1,2,1,1,0,0.12923155609399228,-0.9760252075347703,-0.24831296685183657,-0.27330037394865414,-0.8701858120934002,-1.030829980714055,-1.1397517706318625,0,0.9248387233853143,1,1,1,1,-0.4868349044431689,2775,1,0,770,1.3949576295339952,1.6893178468861743,-1.4764593890491886,-1.0366012878279465
4520,1069,1,1,-0.6504085499394767,-0.5455009445783178,4,1,-1.4863034173810314,1,2,1,-0.7109299347796563,1,1,1,1,1,1,1,2,1,2,0,-1.3165318340505352,-0.7996397298501943,-0.24831296685183657,-0.27330037394865414,-0.884832635609114,-0.8956467877858986,-0.5209718825952857,1,-0.5677732238554162,1,1,1,1,-0.4868349044431689,3910,1,0,885,-0.2020164907206676,-0.7036984017134497,-0.02131500706388752,-0.2677368538488172
6063,5282,1,1,-0.6504085499394767,0.2694843979892907,6,2,1.5285182265418509,2,1,4,-1.0047956244259384,1,1,1,1,1,1,1,1,2,1,0,-1.3065610520495383,-0.5833612144306026,-0.24831296685183657,-0.27330037394865414,1.260489967128376,-0.090645359058825,1.3404397478098262,1,-0.09013740073838243,1,1,1,2,1.5905829883125042,5274,1,0,992,-0.11637774363112584,-0.10466287228536462,0.3309784596440726,-0.7693284649719621
2896,191,1,1,-0.6504085499394767,-0.6677487459634591,4,2,1.2009468819369595,1,1,4,-1.0047956244259384,1,1,1,1,1,1,1,1,2,1,1,-1.5192710680708021,-0.8621711839105005,-0.24831296685183657,-0.27330037394865414,-0.10032986898036582,-0.7132873481338337,-0.054350983420162306,0,0.9248387233853143,1,1,1,1,-0.4868349044431689,6643,1,0,858,0.34897997640261064,0.617152437415332,-1.2333118356027393,0.8509036890085311
3398,2274,1,1,-0.6504085499394767,0.8399741377866167,2,2,1.0624088033886459,2,1,4,-1.0047956244259384,1,1,1,1,1,1,1,1,2,1,0,-1.3530913680541898,-0.4317985616641085,-0.24831296685183657,-0.27330037394865414,1.5798615914976255,0.12360586561220605,0.39282737828933095,1,-0.7468866575243038,1,1,1,1,-0.4868349044431689,1750,1,0,848,0.9495284229739256,0.8097374886395,-0.3993025348906033,-0.8609567562677161
536,3050,1,1,-0.6504085499394767,0.7177263364014754,6,2,-0.508768377156949,1,2,2,-0.5639970899565152,1,2,1,2,2,2,2,2,3,2,1,1.1778254631988159,1.2171210196276177,-0.24831296685183657,-0.27330037394865414,0.00696992522668595,0.9630261289755964,0.8611389328962483,0,-0.6274777017450454,1,1,1,1,-0.4868349044431689,1886,1,0,96,0.7739420610167519,0.882919362535676,-1.5231470837883407,-0.9623719703179702
3372,2850,1,1,-0.6504085499394767,0.02498879521900814,6,2,1.714961995803133,1,2,2,-0.07422094054604492,1,1,1,1,1,1,1,1,1,2,0,0.1873944510998066,0.05547900766115785,-0.24831296685183657,2.1168335669292904,1.0427011510132704,0.37122880491236476,0.38860073970984615,0,-0.20954635651764086,1,1,1,1,-0.4868349044431689,2542,1,0,208,-0.6259013583902864,-0.8775845419812268,1.152817524512673,1.4213347181536666
825,4257,1,2,-0.31718476167849363,1.4104638775839426,1,2,-0.5262474805251941,2,2,1,0.17066713415919024,1,1,2,2,1,2,2,2,3,2,0,0.17077648109814536,1.030651958842985,-0.24831296685183657,-0.27330037394865414,0.2888149703141432,0.8988237109347876,1.4190552253882436,0,-0.030432922848753218,1,1,2,2,0.5518740419346677,2248,1,0,510,-0.7788661645124868,-1.3316768786225714,1.3229107051305378,0.952082503958435
133,4063,1,2,-0.31718476167849363,-1.1567399515040242,5,2,1.3802695350111789,1,2,2,1.8848836570958363,1,1,1,1,1,2,2,1,1,1,0,0.534710024134526,-0.8727181264090279,-0.24831296685183657,1.3201222533033088,-0.6756192984233698,-0.8776642468624319,-1.216676592778486,0,-1.4633403921998542,2,1,2,1,-0.4868349044431689,110,1,0,841,1.2554580352183264,0.9532208353355023,-0.7894222346605095,-0.3391766619746605
3239,4658,1,2,2.348605544409371,-0.3010053418080353,6,2,0.4946616310200895,2,2,1,-0.9068403945438445,2,1,1,2,2,1,1,2,2,2,1,0.1574821050968162,-0.23288499132054408,-0.24831296685183657,-0.27330037394865414,0.01878187967484224,-0.18035911087479228,-1.0535283436103722,0,1.103952157054202,1,2,2,1,-0.4868349044431689,743,1,0,554,-1.844233722645277,-0.8886678684892275,0.6720370412303257,0.3384849990893451
794,4700,1,2,2.348605544409371,1.0437204734285188,6,2,-0.2770084139779943,1,1,4,-1.0047956244259384,1,1,1,1,1,1,1,1,3,1,1,-1.462769970065154,-0.4829666780952484,-0.24831296685183657,-0.27330037394865414,0.39492175712193117,-0.2670117818697423,0.4452376966749426,1,-0.9260000911931914,1,1,2,1,-0.4868349044431689,4702,1,0,554,-1.8765502309809532,-0.910661964780847,0.7007961747144285,1.061251608500177
1782,575,1,1,-0.6504085499394767,0.8399741377866167,6,2,-0.42266760871337083,2,2,2,0.4155552088644254,1,1,1,1,2,1,1,2,1,1,0,0.6875953481498096,0.9871182401199844,-0.24831296685183657,-0.27330037394865414,0.14374054578188758,0.8215218216040395,0.29815067410887114,1,-0.5080687459657869,1,1,1,1,-0.4868349044431689,3978,1,0,855,-0.7325458358980176,-1.3409722582258738,1.209003090774998,2.462909154296836
4396,2535,1,1,-0.6504085499394767,-0.6269994788350787,6,2,-0.3689355502109874,1,2,2,0.21964474910023726,1,2,2,1,2,2,1,1,3,2,0,1.2310029672041316,-0.23297325025358614,3.1875028695364014,3.3119005373682624,-0.538246268191312,-0.3230920390547849,-0.9334918079530035,1,1.8204058917297523,1,2,1,1,-0.4868349044431689,4421,1,0,907,1.4003437142566078,2.319680523043379,-1.626583876192446,-1.0310695488797508
5709,4469,1,1,-0.6504085499394767,-0.056509739037752714,6,2,-1.0519153299701973,2,2,1,-0.8578627796027974,1,2,1,2,2,2,2,2,2,2,2,0.4881797081298748,0.13561811886335703,-0.24831296685183657,-0.27330037394865414,-0.639132171133015,-0.08330504780842711,-1.2919107594933157,1,-0.5677732238554162,1,1,1,1,-0.4868349044431689,6652,1,0,184,1.3152435756393273,1.411252001995258,-0.9657676430065223,0.5062810805179473
1609,1011,1,2,1.682157967887405,1.5327116789690838,1,1,-1.4863034173810314,1,2,1,0.4645328238054724,2,1,2,2,2,2,2,2,3,1,0,-0.17487729493640844,0.8227580420623902,2.7534384747367087,-0.27330037394865414,-0.884832635609114,0.37930210016779536,-0.31217593676873595,1,-1.5230448700894836,2,1,2,1,-0.4868349044431689,1766,1,0,864,0.8811251469967445,0.4582900739248986,-0.9645407785113522,1.7825052636687673
2116,5978,1,1,-0.6504085499394767,0.676977069273095,6,2,0.40273449478709616,1,1,4,-1.0047956244259384,1,1,1,1,1,1,1,1,2,1,1,-1.46443176706532,-0.550881927071121,-0.24831296685183657,-0.27330037394865414,0.8040642352971686,-0.199828562208468,-0.2758268449851665,0,0.9248387233853143,1,1,2,1,-0.4868349044431689,3177,1,0,682,0.7868686643510223,0.77557814327929,-1.335810956315489,0.12298357921006389
1743,5304,1,1,-0.6504085499394767,-1.2789877528891656,6,2,0.09846862133986524,2,2,2,0.17066713415919024,1,2,1,1,1,1,1,2,1,2,0,0.47820892612887816,-0.9713916135500616,-0.24831296685183657,-0.27330037394865414,-0.8559169711200273,-1.0229486574599427,-0.13296646099857984,1,1.0442476791645727,1,1,1,1,-0.4868349044431689,5604,1,0,258,1.1488135577105951,1.0070467865219086,-0.48980270731136005,-0.8375059655129721
2982,2021,1,1,-0.6504085499394767,-0.5455009445783178,6,2,-0.7470020823241426,2,2,2,1.0032865881569897,2,1,2,1,1,1,1,2,1,2,0,0.6643301901474837,-0.27732336410722613,6.000695725628871,-0.27330037394865414,-0.6285368479930188,-0.4240239365477749,0.6396630713312441,1,-1.0454090469724497,2,1,1,1,-0.4868349044431689,3158,1,0,816,-1.1585851374566813,-0.809023623746304,0.5643324500488321,2.1691123523815543
2009,4129,1,2,2.6818293326703544,-0.6677487459634591,6,2,-0.18378652934735326,1,2,0,0.4645328238054724,2,2,1,2,1,2,2,2,3,1,0,0.11593718009266311,-0.5143427287917042,-0.24831296685183657,-0.27330037394865414,-0.5045821980140667,-0.5576294686650994,-0.7111706186721023,0,-0.8662956133035622,1,1,2,2,0.5518740419346677,842,1,0,719,-1.1607395713457265,-0.7866370216661345,0.61987046581144,3.5544110804339764
3099,5382,1,1,-0.6504085499394767,-0.2195068075512744,6,2,0.8293540918120437,1,1,4,-1.0047956244259384,1,1,1,1,1,1,1,1,3,2,0,-1.479387940066815,-0.7688152974852513,-0.24831296685183657,-0.27330037394865414,0.2559541130393725,-0.534166999704008,0.7182785489096616,0,0.9248387233853143,1,1,1,1,-0.4868349044431689,3593,1,0,323,1.154199642433208,0.9381371092736318,-0.44002301696026613,-1.0065786020834655
3588,4375,1,2,2.015381756148388,0.10648732947576899,6,2,1.5777186656524669,1,1,4,-1.0047956244259384,1,1,1,1,1,1,1,1,3,1,0,-1.4710789550659844,-0.6712229822739829,-0.24831296685183657,-0.27330037394865414,1.0718766785002163,-0.21587393111863412,-2.0214285783123946,1,-0.26925083440727005,1,1,2,2,0.5518740419346677,6133,1,0,110,0.5531125873896315,0.6929761304579598,-0.8939392062853032,0.209789328858673
1458,3007,1,2,2.015381756148388,1.451213144712323,1,2,0.011720478697463219,2,2,2,0.023734289336049142,2,2,2,2,2,2,2,2,3,1,0,1.6663937812476561,2.4549966850091653,-0.24831296685183657,-0.27330037394865414,0.9738020207171746,2.227814462459529,1.1679928937668458,0,-0.030432922848753218,1,1,2,1,-0.4868349044431689,297,1,0,1015,-0.11314609279755822,-0.35693796788562915,0.16438251591862071,-1.0356084116064754
4113,5987,1,1,-0.6504085499394767,-1.1567399515040242,6,2,1.2611526824275818,2,2,2,0.4155552088644254,1,1,1,1,1,1,1,2,1,2,0,0.37517751211857825,-0.8655912175658808,-0.24831296685183657,-0.27330037394865414,-0.6843128968972128,-0.8885577853372261,-0.604659326469085,1,0.9248387233853143,1,1,1,1,-0.4868349044431689,2784,1,0,331,-0.6194380567231511,-0.8348698666314159,1.0657338192445782,1.5340498092006623
6031,1148,1,1,-0.6504085499394767,-0.8307458144769808,4,2,0.20528536414580795,2,2,2,0.12168951921814321,1,1,1,1,1,1,1,2,1,2,0,0.3934572791204055,-0.6122439502686199,-0.24831296685183657,-0.27330037394865414,-0.5144569919327253,-0.6379819676167932,-0.9470170514073549,0,-0.20954635651764086,1,1,1,2,0.5518740419346677,6101,1,0,556,0.8315731675487077,0.4153461330680517,-1.0361009111545478,-0.41841764041206186
5765,6175,1,1,-0.6504085499394767,-1.1159906843756437,6,1,-1.4863034173810314,1,2,0,1.8848836570958363,2,2,2,2,1,1,1,2,1,2,2,-0.7149613199903985,-0.9096765546203945,-0.24831296685183657,-0.27330037394865414,-0.884832635609114,-0.9826799123834608,1.203496657834518,1,-0.9857045690828207,1,1,1,1,-0.4868349044431689,5195,1,0,387,1.1574312932667754,1.1033415399790245,-0.5296611812964451,-0.9928674542631515
3426,2196,1,2,0.34926281484347255,-0.9122443487337416,4,2,1.0611140549909983,1,1,4,-1.0047956244259384,1,1,1,1,1,1,1,1,2,1,0,-1.5009913010689746,-0.9227168119773604,-0.24831296685183657,-0.27330037394865414,-0.4200322280741639,-0.855646803511262,-0.5260438488906675,1,-1.403635914310225,2,1,2,1,-0.4868349044431689,1370,1,0,852,0.3123546002888443,0.5780168963767814,-1.2412439810789138,0.8239069117485334
6182,4330,1,1,-0.6504085499394767,-1.1974892186324047,5,2,1.7350305959666734,1,2,2,-0.8578627796027974,1,1,1,1,2,1,1,1,1,1,0,0.4815325201292102,-0.8882296338911717,-0.24831296685183657,0.1250552828643366,-0.7085037796070369,-0.9101214766852804,-0.18368612395239758,1,-0.806591135413933,1,1,1,1,-0.4868349044431689,2391,1,0,122,1.3610252957815352,1.9237766632258635,-0.9111222721263303,-0.831548708184146
2549,337,1,2,2.6818293326703544,-0.3417546089364157,3,2,0.6409681999542898,1,2,0,0.4645328238054724,2,1,1,2,2,2,2,2,2,1,0,0.32033821111309646,-0.2504264542626554,-0.24831296685183657,-0.27330037394865414,0.046705339990283694,-0.18598214531339963,-0.07632950403348333,1,0.865134245495685,1,1,2,1,-0.4868349044431689,177,1,0,59,1.3077030570276695,1.2958484140956712,-0.7536681631976823,-1.0171692817791564
2586,4706,1,2,2.6818293326703544,-1.1567399515040242,6,2,-0.557968816267565,2,2,2,-0.31910901525128005,1,1,1,1,2,1,1,2,2,2,0,0.6144762801425001,-0.8703792646834131,4.804804025670533,-0.27330037394865414,-0.8170792648944895,-0.9455141329282836,0.7191238766255585,0,1.5815879801712356,1,2,2,1,-0.4868349044431689,1553,1,0,726,0.4416206336315489,0.49365164547748397,-1.1022996041763895,0.11121090401262182
5104,4162,1,1,-0.6504085499394767,-1.2789877528891656,5,2,1.0080293706874388,1,2,2,-0.025243325604997886,1,1,1,1,1,1,1,2,1,1,2,0.15415851109648415,-0.9756942365358626,-0.24831296685183657,-0.27330037394865414,-0.8393211751203677,-1.0214477854496378,-1.3130439523907398,1,0.9248387233853143,1,1,1,1,-0.4868349044431689,1144,1,0,855,-0.7303914020089726,-1.312508499958309,1.1856170017599248,0.28657175665243184
3571,3564,1,1,-0.6504085499394767,-1.1974892186324047,5,2,-0.5909849004075837,2,2,2,-0.31910901525128005,1,2,2,1,2,2,2,2,1,2,0,1.3489905542159264,-0.8636715857722157,-0.24831296685183657,-0.27330037394865414,-0.8358248366037134,-0.9318108224341979,-0.6241018639347151,1,0.20838498870976363,1,1,1,1,-0.4868349044431689,3872,1,0,283,1.2037516218812445,1.075193325580685,-0.14831938830056132,-1.0435041415581734
234,3245,1,2,1.0157103913654388,0.9214726720433775,6,2,0.8591333049579425,1,1,4,-1.0047956244259384,1,1,1,1,1,1,1,1,2,1,1,-1.504314895069307,-0.55339730666282,-0.24831296685183657,-0.27330037394865414,1.4688764675027488,-0.005367905673317142,0.5635835769005174,1,-0.20954635651764086,1,1,2,2,2.629291934690341,3260,1,0,858,0.3387464154296465,0.6434730087611141,-1.244326228618815,0.5192357512171406
1514,5284,1,1,-0.6504085499394767,-0.7084980130918396,4,2,1.5932556464242404,2,2,1,0.2686223640412843,2,1,1,1,1,2,2,2,1,2,0,-0.003712203919297562,-0.5674304770165091,-0.24831296685183657,-0.27330037394865414,-0.04199062596092193,-0.4629244448148626,0.3209745224380891,0,0.26808946659939287,1,1,1,1,-0.4868349044431689,2647,1,0,855,-0.7303914020089726,-1.312508499958309,1.1856170017599248,0.28657175665243184
2428,3022,1,2,-0.31718476167849363,1.5327116789690838,6,2,0.6979371294507928,2,2,2,0.17066713415919024,1,2,1,2,2,2,1,2,2,2,0,1.3556377422165908,2.168949483019818,-0.24831296685183657,-0.27330037394865414,1.904914765956439,2.276707985995228,0.17304217215612067,0,1.5218835022816064,1,2,2,1,-0.4868349044431689,6293,1,0,663,-1.1661256560683393,-0.7400807313538986,0.5814333535683921,0.40670977945042514
4184,6748,1,1,-0.6504085499394767,-0.7084980130918396,6,2,0.620252225591925,2,1,4,-1.0047956244259384,1,1,1,1,1,1,1,1,1,2,0,-1.328164413051698,-0.8632744205735264,1.371519177007075,-0.27330037394865414,-0.3082911389946055,-0.780079642992424,-0.36796756601793545,1,0.3874984223786513,1,1,1,2,2.629291934690341,1014,1,0,886,0.8444997708829781,0.48449520239169686,-1.0251399004377362,-0.4306631138102044
5318,5390,1,1,-0.6504085499394767,-1.2789877528891656,5,2,-0.3249141046909625,1,1,4,-1.0047956244259384,1,1,1,1,1,1,1,1,1,1,1,-1.502653098069141,-0.9976927755965984,-0.24831296685183657,-0.27330037394865414,-0.8636419893291215,-1.0460341632184458,-0.5767635118444853,1,-0.6871821796346745,1,1,1,1,-0.4868349044431689,117,1,0,268,1.3195524434174175,1.3696536795383651,-0.47538205940857503,-1.0276654018347071
783,5144,1,1,-0.6504085499394767,-0.015760471909372284,6,2,-1.0849314141102162,2,2,2,0.21964474910023726,2,1,1,2,1,1,1,1,1,1,0,0.7607144161571191,0.21447747553644636,5.809606152408014,5.702034478246207,-0.6504834593576931,0.01136158164154624,-1.668926920783361,1,0.3874984223786513,1,1,1,1,-0.4868349044431689,5693,1,0,306,-0.7858680746518832,-1.237948602643515,1.2948515760576054,1.2552879900676561
6540,131,1,1,-0.6504085499394767,-1.1159906843756437,6,2,-0.06143280576963693,2,2,0,3.1583016455630593,1,1,1,1,1,1,2,2,1,1,0,-0.5853411539774409,-0.9078451817597716,-0.24831296685183657,-0.27330037394865414,-0.7548420769071539,-0.9428195441097829,-1.3045906752317702,1,-1.2842269585309667,2,1,1,1,-0.4868349044431689,5390,1,0,855,-0.737393312148369,-1.366020932589157,1.1870643583607392,1.3745749761043886
754,6338,1,2,-0.31718476167849363,1.5734609460974642,6,2,0.7037634972402076,2,2,2,0.31759997898233133,2,2,2,2,2,2,2,1,3,2,0,1.7062769092516428,2.6610812936623978,-0.24831296685183657,4.905323164620225,1.9523161391568897,2.725339572275495,0.5297704682646389,1,-1.0454090469724497,2,1,2,1,-0.4868349044431689,1525,1,0,812,0.31073877487206053,0.5273739281484864,-1.1324633884219009,0.48358676688432406
29,4488,1,1,-0.6504085499394767,1.3289653433271817,6,2,0.6571525549248872,2,2,2,-0.5150194750154682,2,1,2,2,2,2,2,2,2,2,1,1.503537675231376,2.143928075502391,-0.24831296685183657,-0.27330037394865414,1.6572771409508422,2.183741181356925,1.6489843641122175,1,0.865134245495685,1,1,1,1,-0.4868349044431689,5124,1,0,691,0.6037417837821909,0.6519951236065865,-1.179385501083887,-0.05133711738820504
1713,5323,1,1,-0.6504085499394767,1.4919624118407036,1,2,0.06221566620572716,2,2,2,1.0522642030980367,1,2,2,2,2,2,2,2,3,2,0,1.5201556452330371,2.283730225441029,-0.24831296685183657,-0.27330037394865414,1.0647068221501854,2.119214156113888,0.3404170599037193,0,-0.9857045690828207,1,1,1,1,-0.4868349044431689,1458,1,0,135,-0.6749147293660618,-1.2369112369835855,1.9770940715848901,-0.6752889028526355
5253,2655,1,1,-0.6504085499394767,-0.5047516774499374,4,2,0.15867442183048752,2,2,2,0.31759997898233133,1,1,2,1,2,1,1,2,1,2,1,0.8620840331672525,-0.22021983442900717,-0.24831296685183657,-0.27330037394865414,-0.2845491105538113,-0.25997513542142947,-1.2454177351189828,1,-0.5080687459657869,1,1,1,1,-0.4868349044431689,6213,1,0,933,-0.012426308484700908,-0.6371862907834577,-0.17694669071518293,-0.6705136410255607
2035,713,1,2,-0.31718476167849363,0.47323073363119283,6,2,-1.216348376471467,1,1,4,-1.0047956244259384,1,1,1,1,1,1,1,1,1,1,1,-1.5009913010689746,-0.6619999237710866,-0.24831296685183657,-0.27330037394865414,-0.6681068953943423,-0.7227393513987302,1.000618006019247,0,-1.5230448700894836,2,1,2,2,1.5905829883125042,1794,1,0,952,0.4410820251592876,0.4969662738239128,-1.1182233119487803,-0.41387877768533715
517,2093,1,1,-0.6504085499394767,-0.13800827329451357,3,2,-0.4259044797074904,2,2,2,3.011368800739918,1,1,1,1,1,1,1,2,1,2,0,0.31369102311243185,-0.12670949487093433,-0.24831296685183657,-0.27330037394865414,-0.3237411754127939,-0.1975947061931305,-0.3535969948476871,0,-1.2842269585309667,2,1,1,1,-0.4868349044431689,4189,1,0,652,-0.49717393351984307,-1.059810113801765,1.2113110628786738,-0.18102566384034816
6567,2755,1,1,-0.6504085499394767,-0.26025607467965484,6,2,-0.4284939765027859,2,2,1,-0.07422094054604492,1,1,1,1,1,1,1,1,1,2,1,-0.5072366949696331,-0.4477954932779836,-0.24831296685183657,5.702034478246207,-0.38301356283364213,-0.4167150388975926,-0.17269686364573708,0,0.3874984223786513,1,1,1,2,0.5518740419346677,5615,1,0,902,0.8509630725501134,0.35350723089190644,-1.0460114510606986,-0.35771035144211955
5469,3079,1,1,-0.6504085499394767,-0.2195068075512744,3,2,-1.2707278091726741,2,2,2,-0.12319855548709195,1,1,2,1,1,1,1,1,1,2,0,0.44164939212522314,-0.06393532874476232,-0.24831296685183657,0.1250552828643366,-0.7786313531657407,-0.27887216115117486,0.20093798678072042,0,1.5218835022816064,1,2,1,2,0.5518740419346677,760,1,0,753,-1.522145856233038,-0.8943504935744059,0.7739898057149945,1.9454788034502246
6768,5994,1,1,-0.6504085499394767,-0.9937428829905025,6,2,-0.7800181664641612,1,2,1,-0.221153785369186,1,1,1,1,1,1,1,2,1,1,1,-0.6750781919864114,-0.8433499664392792,-0.24831296685183657,-0.27330037394865414,-0.7817378971856058,-0.8997549886141051,0.4300217977887973,0,0.5666118560475389,1,1,1,1,-0.4868349044431689,3480,1,0,161,1.1428888645157211,0.9837649958011918,-0.72940056995395,1.7347053655779483
2142,1461,1,2,-0.31718476167849363,-0.7899965473486004,4,2,1.1821730301710665,2,2,0,3.011368800739918,1,1,2,1,2,2,2,2,2,2,1,0.3502505571160864,-0.5696810798090818,-0.24831296685183657,-0.27330037394865414,-0.251877244550211,-0.5267254668529152,0.33788107675602835,1,-1.5827493479791128,2,1,2,1,-0.4868349044431689,3392,1,0,136,0.5541898043341541,0.9851786647403377,-1.3167010215681147,-0.6976522577457684
2588,2889,1,2,-0.31718476167849363,-1.1567399515040242,5,2,-0.40648325374277344,2,1,4,-1.0047956244259384,1,1,1,1,1,1,1,1,2,1,1,-1.3514295710540236,-0.9740614462745844,-0.24831296685183657,-0.27330037394865414,-0.8060232755310152,-1.010316899773214,0.05300563649875196,1,0.5069073781579098,1,1,2,2,1.5905829883125042,4428,1,0,230,0.9834607567263856,0.49531807356219715,-0.4217602360924627,-1.0441660590391542
6418,6470,1,2,-0.31718476167849363,0.35098293224605154,6,2,-1.1619689437702596,2,2,2,-0.5150194750154682,2,2,2,2,2,2,2,2,1,2,0,1.6231870592433366,1.0214068356068284,-0.24831296685183657,-0.27330037394865414,-0.6422032792895356,0.6163979929956761,0.4756694944472333,0,-0.3289553122968993,1,1,2,1,-0.4868349044431689,1591,1,0,554,-1.8652394530634664,-0.8829386611897188,0.7223352361751014,1.1984103665233878
5787,4923,1,2,1.3489341796264218,-0.8714950816053613,6,2,0.20399061574816016,1,1,4,-1.0047956244259384,1,1,1,1,1,1,1,1,2,2,1,-1.4694171580658184,-0.924702637970807,-0.24831296685183657,-0.27330037394865414,-0.5455814919036172,-0.894316945376768,-0.3628955997225537,1,-0.7468866575243038,1,1,2,1,-0.4868349044431689,5055,1,0,770,1.3949576295339952,1.6893178468861743,-1.4764593890491886,-1.0366012878279465
6108,1956,1,1,-0.6504085499394767,-1.2789877528891656,6,2,1.6230348595701396,1,2,0,2.5705702662704946,1,1,1,1,1,1,2,2,1,1,1,-0.6551366279844181,-0.9864397616337345,-0.24831296685183657,-0.27330037394865414,-0.8280998183946193,-1.0266310294852254,-0.25892029066722727,1,-1.403635914310225,2,1,1,1,-0.4868349044431689,4404,1,0,167,1.0416304717306026,1.2815488894854306,-1.8697337506084226,-1.0310222690596806
3503,235,1,1,-0.6504085499394767,-0.015760471909372284,3,2,0.3062757391623358,2,2,2,2.5705702662704946,2,2,1,2,2,2,2,2,1,2,1,1.4420511862252297,0.5086003698991434,-0.24831296685183657,-0.27330037394865414,0.16180102413311864,0.4483771166420589,-1.5717142334552103,1,-1.4633403921998542,2,1,1,1,-0.4868349044431689,6583,1,0,505,0.024737676101326656,-0.6229361838266761,0.5442542068122709,-0.9157540677289023
1921,2675,1,1,-0.6504085499394767,-1.238238485760785,5,2,-0.2504660718262146,1,2,1,0.4645328238054724,1,1,1,1,1,1,1,2,1,1,0,-0.6916961619880726,-0.9687659102920602,-0.24831296685183657,-0.27330037394865414,-0.8397345935260533,-1.0160900214128517,-0.2901974161554149,0,1.6412924580608648,1,2,1,1,-0.4868349044431689,2859,1,0,77,-1.7634424518060865,-0.8649546859575661,0.6290642903257783,-0.5099040922476058
5572,1806,1,1,-0.6504085499394767,1.2882160761988013,6,2,0.4732982824589008,2,2,2,-0.41706424513337415,2,2,1,1,1,1,1,2,2,2,1,0.6493740171459885,1.327709462729331,-0.24831296685183657,-0.27330037394865414,1.4034736757233077,1.4631585676094645,0.5441410394348872,1,-0.7468866575243038,1,1,1,1,-0.4868349044431689,5421,1,0,903,-1.4790571784521365,-0.9895013498727411,0.7824246731920266,0.09645960015076667
2069,471,1,2,0.34926281484347255,0.7992248706582362,2,2,-0.3941831439651194,1,2,2,0.17066713415919024,1,2,2,2,1,1,1,2,1,1,0,0.6992279271509723,0.9500715529755758,-0.24831296685183657,-0.27330037394865414,0.15135925640094844,0.7944712214183123,0.9245385115885205,0,0.865134245495685,1,1,2,2,0.5518740419346677,6611,1,0,1102,1.4062684074514817,2.2551520043182545,-1.3529545656744615,-0.5958115253148839
3546,426,1,1,-0.6504085499394767,1.3289653433271817,2,2,-1.310217635300932,2,2,2,-0.221153785369186,2,1,1,2,1,2,2,1,2,1,0,0.9568064621767214,1.6720075605264446,-0.24831296685183657,0.921766596490318,-0.6759972809657107,1.1314728341321376,1.16123027203967,1,0.20838498870976363,1,1,1,1,-0.4868349044431689,4985,1,0,651,0.948451206029403,0.7900332119791088,-0.31724883479454746,-0.8409573923780855
2038,6385,1,1,-0.6504085499394767,-0.5862502117066982,6,2,0.36453941705648635,2,2,2,0.2686223640412843,1,1,2,1,1,2,2,2,1,2,1,0.8620840331672525,-0.3014621822942322,-0.24831296685183657,-0.27330037394865414,-0.2769658357980949,-0.32199256304723595,-1.242036424255395,1,-1.2245224806413375,2,1,1,1,-0.4868349044431689,6731,1,0,855,-0.7325458358980176,-1.3409722582258738,1.209003090774998,2.462909154296836
1833,2612,1,1,-0.6504085499394767,-0.2195068075512744,6,2,-0.4886997769934082,1,1,4,-1.0047956244259384,1,1,1,1,1,1,1,1,3,2,2,-1.5009913010689746,-0.7586875849186738,1.4056875112915987,-0.27330037394865414,-0.3933726468846752,-0.7225927545977239,-1.2716228943117887,0,0.9248387233853143,1,1,1,1,-0.4868349044431689,403,1,0,927,1.3416353907801295,1.2067386634014685,-0.712541511459731,-1.0012359824155501
2735,2616,1,2,1.0157103913654388,-1.0752414172472633,5,2,0.8792019051214833,1,1,4,-1.0047956244259384,1,1,1,1,1,1,1,1,1,1,1,-1.502653098069141,-0.952084971947109,-0.24831296685183657,-0.27330037394865414,-0.6258673462877354,-0.9396991264883583,-1.122845216313923,1,0.08897603293050521,1,1,2,2,2.629291934690341,6286,1,0,814,0.09044790971720149,0.1778967385685565,0.15543146481743406,0.17886832653286128
1968,4822,1,1,-0.6504085499394767,-1.238238485760785,6,2,0.26290166784113467,1,2,0,0.2686223640412843,1,2,1,1,2,1,1,2,1,2,0,-0.19149526493806968,-0.9559463002676994,-0.24831296685183657,-0.27330037394865414,-0.8210008337712774,-1.0004146349052259,1.1916620698119607,0,0.9845432012749434,1,1,1,1,-0.4868349044431689,549,1,0,830,-0.5305676588000418,-0.8922636103725508,1.1067244621678927,-0.14849714763215477
4143,5814,1,1,-0.6504085499394767,1.2067175419420404,6,2,-0.576742668033458,1,2,1,0.21964474910023726,2,1,2,2,1,2,2,2,2,1,1,0.22063039110312907,0.9739014648969345,-0.24831296685183657,-0.27330037394865414,0.1441067163697805,0.811176275933008,0.7833687830337277,1,0.029271555040875995,1,1,2,1,-0.4868349044431689,4820,1,0,351,0.11630111638574239,0.21951571922484636,0.0014086772464549015,1.2226176343992528
4550,124,1,2,-0.31718476167849363,1.5734609460974642,1,2,0.34835506208588896,2,2,2,1.8848836570958363,1,2,1,1,2,2,2,2,2,1,0,1.1894580421999785,2.1329398383386535,1.9017611053483903,-0.27330037394865414,1.4918979667222056,2.1202508049210054,1.2474536990611602,1,-1.4633403921998542,2,1,2,2,0.5518740419346677,5389,1,0,447,-0.6910729835338999,-0.9901826653901185,1.637039541418642,-0.9170779026908638
1696,6099,1,1,-0.6504085499394767,-0.8307458144769808,6,2,0.15414280243872022,2,2,2,1.7379508122726952,2,1,1,1,1,1,1,1,1,2,0,0.47156173812821356,-0.5970854785186445,-0.24831296685183657,2.9135448805552717,-0.5256547247495775,-0.6013781425654743,1.1882807589483728,0,-0.7468866575243038,1,1,1,2,2.629291934690341,4605,1,0,583,-1.720353774025185,-0.8992339298868265,0.6086550768338009,-0.19298745831807043
1825,42,1,2,-0.31718476167849363,-0.3010053418080353,6,2,0.04732605963277753,2,1,4,-1.0047956244259384,1,1,1,1,1,1,1,1,3,1,1,-1.304899255049372,-0.7280396704198153,5.3730107698835425,-0.27330037394865414,-0.18526963341705766,-0.647800462884206,0.7013719945917224,1,-0.9260000911931914,1,1,2,2,2.629291934690341,5825,1,0,894,1.0335513446466835,0.908248340310389,-1.3517945451018396,0.005209547415573007
2131,2436,1,1,-0.6504085499394767,-0.9937428829905025,6,2,-1.371070809990378,1,2,2,-0.6619523198386092,1,2,1,1,1,1,1,2,1,2,0,0.3236618051134285,-0.7386528071181241,-0.24831296685183657,-0.27330037394865414,-0.8680124124749393,-0.8424391298205791,-0.04674303397708964,1,1.163656634943831,1,2,1,1,-0.4868349044431689,3163,1,0,16,-0.8537327421568032,-1.3651711109747346,1.4171629568984334,-0.26731133546818675
5334,6472,1,1,-0.6504085499394767,-0.42325314319317653,6,2,-0.2433449556391518,2,2,2,1.0032865881569897,1,1,1,1,2,1,1,1,1,2,0,0.6443886261454905,-0.20230327102146697,-0.24831296685183657,2.1168335669292904,-0.3858956797189923,-0.2548093433859615,-0.7196238958310719,0,-1.403635914310225,2,1,1,1,-0.4868349044431689,1187,1,0,548,-1.4413545853938476,-0.9630936900393049,0.7121977054486169,0.6390428152746436
3669,1392,1,2,0.34926281484347255,-0.464002410321557,4,2,1.246910450053456,2,2,2,0.4155552088644254,1,1,1,1,1,2,2,2,1,2,0,0.722493085153298,-0.20815042533550407,-0.24831296685183657,-0.27330037394865414,0.16243886967331905,-0.11834517364900969,-1.9986047299831764,0,0.20838498870976363,1,1,2,1,-0.4868349044431689,2994,1,0,556,0.8326503844932303,0.4194745324456398,-1.016929702811504,0.10889419282918944
1548,4686,1,2,2.015381756148388,-0.3417546089364157,3,2,1.366027302637053,1,2,1,1.8848836570958363,1,2,1,1,2,2,2,2,1,2,0,0.15582030809665018,-0.2940484319186984,-0.24831296685183657,-0.27330037394865414,0.3642106755567248,-0.12666279690611792,-0.16255293105497354,0,-1.403635914310225,2,1,2,1,-0.4868349044431689,4544,1,0,543,-0.6097431042224483,-0.8701313876888804,1.1608141929418687,-0.19251466011736995
4096,3139,1,1,-0.6504085499394767,0.10648732947576899,3,2,1.0455770742192245,2,2,1,0.12168951921814321,2,2,1,1,1,1,1,2,1,2,1,-0.17653909193657447,-0.06331751621346779,-0.24831296685183657,-0.27330037394865414,0.7320467490267597,0.16452731549316943,-0.6071953096167759,0,-0.26925083440727005,1,1,2,2,2.629291934690341,5178,1,0,1081,1.188670584657929,0.8891548982517841,-0.6816266614733256,-0.768335588750491
3002,6507,1,1,-0.6504085499394767,-0.5862502117066982,4,2,-0.6466590815064387,2,1,4,-1.0047956244259384,1,1,1,1,1,1,1,1,2,1,1,-1.3630621500551865,-0.818990500919668,-0.24831296685183657,-0.27330037394865414,-0.6090707470624571,-0.8294653129315019,-1.1194639054503353,1,-0.09013740073838243,1,1,1,1,-0.4868349044431689,4871,1,0,845,-0.6522931735310885,-1.1811203264780383,1.7644672674981385,-1.0089898729070381
3296,6024,1,1,-0.6504085499394767,-0.3010053418080353,3,2,-0.20773937470383746,2,1,4,-1.0047956244259384,1,1,1,1,1,1,1,1,3,1,1,-1.329826210051864,-0.7009000485093788,-0.24831296685183657,-0.27330037394865414,-0.3016173847313971,-0.6452105860664242,0.4486190075385305,0,0.865134245495685,1,1,1,1,-0.4868349044431689,3569,1,0,526,-0.12984295543765756,0.04302219014294844,-0.03201699758081767,0.39143839756779947
3519,6495,1,1,-0.6504085499394767,0.47323073363119283,2,2,0.7782115301049555,1,2,0,-0.9068403945438445,2,1,1,2,2,1,1,2,2,1,0,0.021214751083194285,0.21807402705791074,-0.24831296685183657,-0.27330037394865414,0.9331688974155168,0.44652371422933346,1.206032640982209,1,-0.26925083440727005,1,1,1,1,-0.4868349044431689,602,1,0,670,-0.6619881260317914,-1.1550889699238187,1.9310975615726786,-0.9166051044901632
3646,967,1,2,-0.31718476167849363,-1.1974892186324047,6,2,1.1873520237616577,2,2,2,-0.9068403945438445,1,2,2,1,2,2,1,2,1,2,0,1.3672703212177542,-0.8586408265888177,-0.24831296685183657,-0.27330037394865414,-0.7384825199964575,-0.8990673798093839,-1.424627210889139,1,1.4621790243919772,1,2,2,1,-0.4868349044431689,1987,1,0,12,-0.9075935893829301,-0.8532767273571126,0.7559489095345453,1.5244047259063724
3910,321,1,2,2.348605544409371,-0.5455009445783178,4,2,-0.7949077730371109,1,2,2,0.12168951921814321,1,1,2,1,2,2,2,2,1,2,0,1.0648232671875193,-0.23712142010656348,-0.24831296685183657,-0.27330037394865414,-0.6451444559471265,-0.3798982994448119,-0.9732222106001608,0,0.6860208118267973,1,1,2,1,-0.4868349044431689,1123,1,0,64,1.3017783638327955,1.185965426187954,-0.7592352407196735,-0.7794463464669524
526,1411,1,1,-0.6504085499394767,-1.2789877528891656,5,2,0.632552335369579,2,1,4,-1.0047956244259384,1,1,1,1,1,1,1,1,1,1,2,-1.3082228490497045,-0.9951112018051179,-0.24831296685183657,-0.27330037394865414,-0.8461721087002984,-1.0388299775689824,0.13162111407716948,0,-1.5230448700894836,2,1,1,2,0.5518740419346677,2250,1,0,1046,-0.9140568910500653,-0.8826725349739524,0.882787109352643,1.086404472777443
646,6852,1,1,-0.6504085499394767,-1.238238485760785,6,2,0.12112671829870145,2,2,0,1.5420403525085071,1,1,1,1,1,1,2,2,1,2,0,-0.5105602889699654,-0.9593001397232981,-0.24831296685183657,-0.27330037394865414,-0.8261744698195699,-1.0045961341339358,0.6041593072635716,0,-1.1648180027517083,2,1,1,1,-0.4868349044431689,6751,1,0,316,-0.785329466179622,-1.148304169141383,1.1405428450401498,0.9502858707957731
928,4496,1,2,0.01603902658248947,-0.056509739037752714,6,2,1.0604666807921745,1,2,1,1.0032865881569897,2,1,2,2,2,2,2,2,2,2,2,0.544680806135523,0.117105807657783,-0.24831296685183657,-0.27330037394865414,0.5556824571613385,0.2551171577151518,1.0504923412571678,0,-1.2245224806413375,2,1,2,1,-0.4868349044431689,1168,1,0,1035,-1.1203439359261314,-0.8108423554187315,0.5876377693241611,1.319446705902712
4355,4111,1,2,0.34926281484347255,-0.5047516774499374,4,2,0.7005266262460883,1,2,1,-0.12319855548709195,2,1,1,2,1,2,2,1,2,2,1,-0.020330173920958795,-0.4439121002241326,-0.24831296685183657,3.710256194181253,-0.08681699309167497,-0.34357021599538623,1.3260691766395778,1,-0.09013740073838243,1,1,2,1,-0.4868349044431689,768,1,0,1089,1.0809488902056752,1.2252613720688843,-1.4987912937023506,-1.0354192923261951
1893,221,1,1,-0.6504085499394767,0.35098293224605154,6,2,-0.8110921280077082,2,2,2,0.07271190427709617,1,2,2,1,2,2,2,1,1,2,0,1.3805646972190828,0.9545506938274606,-0.24831296685183657,4.905323164620225,-0.37971802754260653,0.6864573022766977,0.8307071351239577,0,0.9845432012749434,1,1,1,1,-0.4868349044431689,1601,1,0,554,-1.8598533683408538,-0.8697737172953938,0.7175220095574434,1.2903223367395622
5931,3801,1,1,-0.6504085499394767,1.4919624118407036,1,2,0.1437848152575379,1,1,4,-1.0047956244259384,1,1,1,1,1,1,1,1,3,1,1,-1.5076384890696393,-0.4122492079952901,-0.24831296685183657,-0.27330037394865414,1.1673999541224562,0.01718705928154335,1.6971680439183443,0,-1.642453825868742,2,1,2,2,1.5905829883125042,6890,1,0,282,-0.6700672531157105,-0.8343129053731551,2.5027217207666785,-0.9728208105534509
587,3639,1,2,0.34926281484347255,1.5734609460974642,1,2,0.7490796911578804,2,2,2,-0.07422094054604492,2,2,2,2,1,1,1,1,2,2,1,1.0099839661820376,1.981619897638025,-0.24831296685183657,-0.27330037394865414,2.011021552764227,2.1598947683931975,1.0538736521207557,0,-0.6871821796346745,1,1,2,2,0.5518740419346677,1649,1,0,548,-1.4392001515048025,-0.9826185239088545,0.7486601368129323,-0.14684235392970307
6034,6399,1,2,0.34926281484347255,1.1659682748136602,6,2,1.5090970005771343,1,1,4,-1.0047956244259384,1,1,1,1,1,1,1,1,1,2,1,-1.5076384890696393,-0.4844670799569636,-0.24831296685183657,-0.27330037394865414,2.4490560715196548,0.3387925174896601,-0.151563670748313,0,-1.4633403921998542,2,1,2,1,-0.4868349044431689,4250,1,0,2,-0.6382893532522955,-0.619600087155386,1.0307428825642193,-0.14939546421348568
2948,118,1,2,1.682157967887405,0.8807234049149971,2,2,-0.7482968307217903,2,2,2,0.2686223640412843,2,2,2,2,2,2,2,2,2,2,1,1.6580847962468257,1.6632919908885404,-0.24831296685183657,-0.27330037394865414,-0.1576887197806127,1.2672668470644881,0.07413882939617603,0,0.9845432012749434,1,1,2,1,-0.4868349044431689,2729,1,0,134,-0.6280557922793314,-0.8970794012085117,1.252885661736502,-0.7000162487492709
4975,437,1,1,-0.6504085499394767,1.4104638775839426,1,2,0.9413498282085774,2,2,2,0.4645328238054724,2,2,2,1,2,1,1,2,1,2,1,1.2692242982079527,2.032545302003299,-0.24831296685183657,-0.27330037394865414,2.082920919490154,2.221420049615625,1.0310498037915379,0,-1.1051135248620791,2,1,1,1,-0.4868349044431689,2233,1,0,1071,-0.6485229142252597,-0.9013301295315495,1.4401563378685154,-1.0087061939866178
569,5205,1,2,-0.31718476167849363,-1.238238485760785,5,2,-0.9878252842866319,1,2,2,0.07271190427709617,1,1,1,1,1,1,1,1,1,2,0,0.1857326540996401,-0.9532544028099165,-0.24831296685183657,0.5234109396773273,-0.8666422257589532,-1.0047915965352776,0.436784419515973,0,-0.09013740073838243,1,1,2,1,-0.4868349044431689,2281,1,0,736,1.3938804125894726,1.4934420660168408,-1.314053723718712,-1.034331856464584
2378,1665,1,1,-0.6504085499394767,-0.9122443487337416,4,2,-0.17278116796734716,1,1,4,-1.0047956244259384,1,1,1,1,1,1,1,1,1,1,1,-1.4960059100684764,-0.9144204722714058,-0.24831296685183657,-0.27330037394865414,-0.6451680798560229,-0.9156118759229771,-0.400935346937917,1,-1.3439314364205959,2,1,1,1,-0.4868349044431689,3498,1,0,649,0.29835078001005133,0.4792731336342546,-1.081264657298297,0.47294880736856315
6085,2784,1,1,-0.6504085499394767,-1.2789877528891656,5,2,0.5030774956048001,1,2,0,-0.5150194750154682,1,1,1,1,1,1,1,2,1,2,0,-0.6883725679877406,-0.9868810562989448,-0.24831296685183657,-0.27330037394865414,-0.8485344995899297,-1.033018461529081,1.2888747571401113,1,0.14868051082013442,1,1,1,1,-0.4868349044431689,3198,1,0,996,-1.144042708705627,-0.8123990115027239,0.4335049677973158,0.5161625629125874
5249,6603,1,1,-0.6504085499394767,0.4324814665028124,2,2,0.894738885893257,1,2,2,1.8848836570958363,2,2,2,2,1,1,1,2,2,2,1,0.8604222361670865,0.7069181924446739,-0.24831296685183657,-0.27330037394865414,0.9832752081845959,0.8479790537856927,-1.6097539806705736,1,-1.642453825868742,2,1,1,1,-0.4868349044431689,3614,1,0,850,-0.019428218624097406,-0.08159860025241661,-0.5089265678759303,-1.0150889696960743
4204,6138,1,1,-0.6504085499394767,0.18798586373252985,3,2,0.2583700484493674,2,2,2,-0.17217617042813899,1,1,1,1,1,1,1,2,1,2,0,0.3818247001192428,0.24764076962700407,-0.24831296685183657,-0.27330037394865414,0.2929964021887905,0.2807401842910775,1.2330831278909118,0,1.8801103696193817,1,2,1,1,-0.4868349044431689,5203,1,0,24,1.3577936449479675,1.7219934474543823,-1.1836820798834848,-0.03412726288270737
506,1313,1,2,0.6824866031044556,-0.9122443487337416,6,2,-0.577390042232282,1,1,4,-1.0047956244259384,1,1,1,1,1,1,1,1,2,1,1,-1.4843733310673135,-0.9249453500366726,-0.24831296685183657,-0.27330037394865414,-0.7189927951569997,-0.9457514801299132,-0.7534370044669505,0,-1.403635914310225,2,1,2,1,-0.4868349044431689,3754,1,0,207,1.1994427541031545,1.169493145076401,-0.5279418070663573,-0.6437059830458431
2297,1608,1,2,-0.31718476167849363,-0.9529936158621221,6,2,-0.35534069203568575,1,2,2,-0.7109299347796563,1,2,2,2,2,1,1,2,1,2,1,1.0000131841810405,-0.6133030574651248,-0.24831296685183657,-0.27330037394865414,-0.6991132758207526,-0.6933850871971864,-1.170183568404153,1,0.44720290026828047,1,1,2,1,-0.4868349044431689,722,1,0,126,-0.15084868585584704,-0.30219819517294255,0.12452961226041408,-0.948518983037446
6017,3437,1,1,-0.6504085499394767,-0.3417546089364157,6,2,0.6170153545978058,1,2,2,0.12168951921814321,1,1,1,1,2,2,2,2,1,2,0,0.8504514541660894,-0.01848197822809646,-0.24831296685183657,-0.27330037394865414,0.03621632444032091,-0.0056261952750904605,0.9684955528151625,1,1.0442476791645727,1,1,1,1,-0.4868349044431689,3567,1,0,972,0.5924310058647042,0.5630530688839613,-0.9776723599354735,-1.0094153912876684
5439,429,1,2,1.0157103913654388,-0.13800827329451357,3,2,0.7432533233684652,1,1,4,-1.0047956244259384,1,1,1,1,1,1,1,1,3,1,1,-1.481049737066981,-0.7597246273819183,-0.24831296685183657,-0.27330037394865414,0.29489812685494365,-0.5154689267756287,-1.3662995984922484,0,-0.3886597901865285,1,1,2,2,0.5518740419346677,5119,1,0,322,1.1041090545129097,1.7340918611719778,-2.1096166283096713,-0.906581782635313
2839,1989,1,1,-0.6504085499394767,-0.7899965473486004,6,2,0.4046766173835679,2,2,2,0.07271190427709617,1,1,1,1,1,2,2,2,1,2,0,0.7042133181514708,-0.469860226538501,-0.24831296685183657,-0.27330037394865414,-0.43629728934927514,-0.5022682338849938,1.2559069762201298,0,0.14868051082013442,1,1,1,1,-0.4868349044431689,6159,1,0,180,-1.4989856919258036,-0.9435348309001623,0.7841542596880605,1.3907919543884153
6531,1682,1,1,-0.6504085499394767,0.5954785350163341,6,2,1.6230348595701396,1,2,2,2.3746598065063065,2,1,1,1,1,1,1,2,1,1,1,0.35523594811658493,0.5581136313357444,-0.24831296685183657,-0.27330037394865414,1.781609773472135,0.9661884313973086,0.5027199813559361,0,-1.642453825868742,2,1,1,1,-0.4868349044431689,2527,1,0,297,1.3211682688342012,1.3507890979240638,-1.317472976034813,-1.0190131947618883
3768,4361,1,2,1.0157103913654388,0.02498879521900814,6,2,-1.2176431248691146,1,1,4,-1.0047956244259384,1,1,1,1,1,1,1,1,1,1,1,-1.4860351280674797,-0.7108953726763932,-0.24831296685183657,-0.27330037394865414,-0.7230679194416135,-0.7776538149757685,1.1485503563012156,0,-0.7468866575243038,1,1,2,1,-0.4868349044431689,3677,1,0,1090,-0.1082986165472068,-0.20533432857556952,0.5588428929092472,-0.9278577016668348
2132,3674,1,2,1.682157967887405,0.9622219391717579,6,2,-0.25693981381445363,1,2,0,1.5910179674495541,2,2,2,1,1,1,1,2,3,2,1,-0.1150526029304281,0.47060489922453247,-0.24831296685183657,-0.27330037394865414,0.37129784822561834,0.48023050726076144,-0.19213940111136724,0,0.7457252897164266,1,1,2,2,2.629291934690341,6242,1,0,815,1.1773598067404425,1.0235397258328587,-0.5730721312488288,-0.8663939355757717
4675,4966,1,1,-0.6504085499394767,0.676977069273095,2,2,1.4566596904723985,2,2,2,0.31759997898233133,1,2,1,1,2,2,2,2,1,1,0,1.1279715531938321,1.165092378599318,-0.24831296685183657,-0.27330037394865414,1.7463274655354923,1.435849677821964,1.4773828377851341,1,0.5666118560475389,1,1,1,1,-0.4868349044431689,5171,1,0,234,0.9839993651986468,0.5015523940901054,-0.5999113587351861,-0.9754684804773737
6900,1637,1,1,-0.6504085499394767,-1.0752414172472633,5,2,1.0591719323945266,1,2,2,-0.41706424513337415,1,2,1,1,2,1,1,2,1,2,0,0.6676537841478158,-0.7753023290638436,-0.24831296685183657,-0.27330037394865414,-0.6061650062682108,-0.7940517142883551,-0.8286711711817801,1,0.865134245495685,1,1,1,1,-0.4868349044431689,4345,1,0,855,-0.7325458358980176,-1.3409722582258738,1.209003090774998,2.462909154296836
1108,6918,1,1,-0.6504085499394767,1.3697146104555622,1,2,0.6513261871354723,2,2,2,-0.7109299347796563,1,2,1,2,2,2,2,2,2,2,0,1.3124310202122718,2.021226093840654,5.319860027663172,-0.27330037394865414,1.689370221186483,2.080816265450251,0.4350937640841791,1,-0.20954635651764086,1,1,1,1,-0.4868349044431689,2770,1,0,680,-1.1639712221792942,-0.7942355934797296,0.5751806616463385,0.4807026978600511
2228,3669,1,1,-0.6504085499394767,0.5954785350163341,6,2,1.4068118771629583,1,1,4,-1.0047956244259384,1,1,1,1,1,1,1,1,3,2,1,-1.4694171580658184,-0.5889877214120345,-0.24831296685183657,-0.27330037394865414,1.5961857125449777,0.0041015495916993955,0.8484590171577938,0,-0.7468866575243038,1,1,1,1,-0.4868349044431689,6735,1,0,855,-0.7390091375651529,-1.4134918545531374,1.254049395860374,2.113322164698897
5886,770,1,1,-0.6504085499394767,0.47323073363119283,2,2,-1.1580846985773163,2,2,1,0.2686223640412843,1,2,1,1,2,2,2,2,2,2,1,0.42503142212356193,0.5254578261101787,-0.24831296685183657,-0.27330037394865414,-0.6213315557796434,0.23029692314473807,0.5441410394348872,0,-0.4483642680761577,1,1,1,2,2.629291934690341,5294,1,0,56,-0.09537201321293634,-0.3461519574238563,0.3211667930400311,1.7253439612040786
2743,5466,1,2,-0.31718476167849363,-1.1159906843756437,6,2,-0.7392335919382559,2,2,2,-0.07422094054604492,1,2,1,1,1,1,1,2,1,2,0,0.5114448661322006,-0.8364216401954767,-0.24831296685183657,-0.27330037394865414,-0.8166776584432521,-0.9045996638473682,0.6117672567066443,1,0.6263163339371681,1,1,2,2,0.5518740419346677,4856,1,0,463,-0.7810205984015318,-1.3029964117927022,1.6218144454756922,-0.8776465327524432
5130,3306,1,1,-0.6504085499394767,-0.5862502117066982,6,1,-1.4863034173810314,1,2,1,0.4645328238054724,2,1,2,1,1,1,1,2,1,1,1,-1.03568814102246,-0.7634535673029457,-0.24831296685183657,-0.27330037394865414,-0.884832635609114,-0.8670255075893872,0.8349337737034425,1,0.3874984223786513,1,1,1,1,-0.4868349044431689,3724,1,0,759,0.5805816194749563,0.728710764787895,-1.1776749465380287,-0.25638969703200554
4364,2805,1,2,0.34926281484347255,0.18798586373252985,6,2,1.7097830022125415,2,2,2,-0.8088851646617503,1,1,1,1,2,2,2,2,1,2,0,0.9219087251732329,0.5264728038401625,-0.24831296685183657,-0.27330037394865414,1.2728452714811471,0.7908237533932692,-0.23102447604262752,1,1.6412924580608648,1,2,2,1,-0.4868349044431689,941,1,0,484,-1.3330942824693326,-0.794952959580367,0.744081792312027,-0.09171408372802649
6797,3422,1,1,-0.6504085499394767,0.9622219391717579,6,2,0.9284023442320993,2,2,1,-0.6129747048975622,2,1,2,2,1,2,1,2,3,1,0,0.28211688010927544,0.7827767453943326,1.9232745010090166,-0.27330037394865414,1.5824484095217717,1.0790435353721624,-0.3290824910866752,0,1.99951932539864,1,2,1,1,-0.4868349044431689,1197,1,0,348,0.5655005822516408,0.5568876090207122,-1.0248934134733279,2.0993746177782326
1600,6605,1,2,-0.31718476167849363,-1.1159906843756437,6,2,-1.396965777943334,1,2,2,-0.221153785369186,1,1,1,1,1,1,1,2,1,1,1,0.1724382780983114,-0.8649292755680652,-0.24831296685183657,-0.27330037394865414,-0.8766823870398861,-0.944878880123922,-0.46518025334608615,0,0.029271555040875995,1,1,2,2,1.5905829883125042,371,1,0,820,1.3400195653633458,1.3360237511705504,-0.9241118102150375,-1.0432677424578232
4574,1412,1,1,-0.6504085499394767,-1.2789877528891656,6,2,1.2948161407664245,1,1,4,-1.0047956244259384,1,1,1,1,1,1,1,1,1,2,1,-1.479387940066815,-0.9973838693309512,-0.24831296685183657,-0.27330037394865414,-0.8340884792998344,-1.0370568543568084,0.31167591756322255,1,-1.2842269585309667,2,1,1,1,-0.4868349044431689,2549,1,0,452,1.160662944100343,0.7928569042928015,-0.8562865817444334,-0.9517340108022093
1267,388,1,2,2.6818293326703544,1.1252190076852797,2,2,-0.38253040838628927,1,2,2,0.023734289336049142,1,2,2,1,2,2,1,2,2,2,0,1.1030445981913404,1.5827557144876518,-0.24831296685183657,-0.27330037394865414,0.32353030443727454,1.3457659436034564,1.479073493216928,1,1.7607014138401231,1,2,2,1,-0.4868349044431689,6726,1,0,423,0.9899240583935208,0.4848929739957777,-0.5264252855734609,-0.7074391805002685
6099,4463,1,1,-0.6504085499394767,0.7177263364014754,2,2,1.5667133042724604,2,1,4,-1.0047956244259384,1,1,1,1,1,1,1,1,3,1,0,-1.3248408190513656,-0.47886263770879217,-0.24831296685183657,-0.27330037394865414,1.9004262232661393,0.18110671560700223,-0.08731876434014385,1,1.0442476791645727,1,1,1,1,-0.4868349044431689,3829,1,0,650,-0.9302151452179034,-0.7964087550437742,0.9723245436110911,-1.0445442975997146
27,5877,1,1,-0.6504085499394767,-1.238238485760785,6,1,-1.4863034173810314,1,2,1,-0.7109299347796563,1,1,1,1,1,1,1,2,1,2,1,-1.3397969920528607,-0.9853585897039693,-0.24831296685183657,-0.27330037394865414,-0.884832635609114,-1.042540272794457,0.9913194011443806,1,1.163656634943831,1,2,1,1,-0.4868349044431689,1668,1,0,725,0.05651557596474153,-0.6477900230152516,0.9101699079036484,-0.7258783103275874
1521,5646,1,1,-0.6504085499394767,0.7992248706582362,6,1,-1.4863034173810314,1,2,1,-0.6619523198386092,2,2,1,2,1,1,1,1,3,1,1,-0.8528904710041867,-0.13162993038802975,-0.24831296685183657,4.905323164620225,-0.884832635609114,-0.32191228384668474,-0.12958515013499197,0,0.9845432012749434,1,1,1,1,-0.4868349044431689,3815,1,0,812,0.31020016639979925,0.4913865346729838,-1.1792699168011422,0.1621312702280641
2507,1905,1,2,0.01603902658248947,-0.7084980130918396,6,2,1.3705589220288203,2,2,2,-0.8578627796027974,1,1,2,2,1,1,1,1,1,2,0,0.6078290921418354,-0.45103900906727973,-0.24831296685183657,4.108611850994244,-0.10294031091340827,-0.3504812080428366,-1.5252212090808774,0,1.103952157054202,1,2,2,1,-0.4868349044431689,3316,1,0,988,-0.48155428782426624,-1.0896996928904754,1.2659545769832374,1.136190123311204
14,5849,1,1,-0.6504085499394767,-0.2195068075512744,6,2,0.14572693785400964,1,2,1,-0.5639970899565152,2,2,1,1,1,1,1,2,1,2,1,-0.2679379269457112,-0.2768820694420158,-0.24831296685183657,-0.27330037394865414,-0.08082833218645967,-0.24459294251581654,0.06061358594182462,0,-0.6871821796346745,1,1,1,1,-0.4868349044431689,1814,1,0,131,0.01719715748966889,-0.33964583980191854,0.5707819601872933,-0.9984464730314172
3231,587,1,1,-0.6504085499394767,0.06573806234738856,3,2,0.7413112007719934,2,2,1,-0.8088851646617503,2,2,1,2,1,1,1,2,2,2,2,-0.012021188920128179,-0.0845658543433461,-0.24831296685183657,-0.27330037394865414,0.49709516309848284,0.07829349250109498,0.6667135582399468,0,0.3874984223786513,1,1,1,1,-0.4868349044431689,3540,1,0,357,-0.3463635612866877,-0.9856945703053794,0.8472358906270073,1.009480205523474
5632,1317,1,2,1.0157103913654388,0.7992248706582362,6,2,-0.4161938667251318,1,2,1,-0.41706424513337415,2,2,2,1,2,2,2,2,3,1,0,0.47987072312904416,0.7660516775828605,-0.24831296685183657,-0.27330037394865414,0.1304757209366082,0.6427505131766107,0.09189071143001223,1,0.865134245495685,1,1,2,2,1.5905829883125042,5870,1,0,511,-1.4941382156754521,-0.9547048408330818,0.7465540890586372,0.3798075618305675
6453,2751,1,2,2.348605544409371,1.2882160761988013,6,2,1.7110777506101895,2,1,4,-1.0047956244259384,1,1,1,1,1,1,1,1,3,1,1,-1.303237458049206,-0.24952180019897421,-0.24831296685183657,-0.27330037394865414,2.8488789176352967,0.6427679651767302,-0.07463884860168941,0,-0.3886597901865285,1,1,2,1,-0.4868349044431689,3464,1,0,554,-1.8673938869525115,-0.869918324691175,0.6583307877498126,2.14556700198667
6776,1639,1,2,2.6818293326703544,1.6142102132258447,6,2,1.1413884556451614,2,2,2,0.21964474910023726,2,2,2,2,2,2,2,2,3,1,0,1.6747027662484868,2.6783579798053836,-0.24831296685183657,-0.27330037394865414,2.567187427955666,2.875322061305263,0.3049132958360468,0,0.9845432012749434,1,1,2,1,-0.4868349044431689,5601,1,0,492,-1.542074369706705,-0.9506623147549509,0.7969242340589408,-0.31369283895690436
1960,532,1,2,1.3489341796264218,1.2067175419420404,6,2,0.603420496422504,2,1,4,-1.0047956244259384,1,1,1,1,1,1,1,1,2,2,1,-1.3630621500551865,-0.3678549646751291,-0.24831296685183657,-0.27330037394865414,1.4791646798270937,0.1444261017551561,0.34717968163089497,1,-1.2245224806413375,2,1,2,1,-0.4868349044431689,2208,1,0,664,1.0093139633949264,0.4643603440458284,-0.5954249246277885,-0.6446988592673141
3530,4905,1,2,-0.31718476167849363,-0.7084980130918396,4,2,0.7555534331461196,2,2,2,-0.270131400310233,1,1,1,1,1,1,1,2,1,2,0,0.33695618111475767,-0.5176965682473028,-0.24831296685183657,-0.27330037394865414,-0.2712606617996354,-0.491336301009936,-1.5979193926480162,1,-0.4483642680761577,1,1,2,1,-0.4868349044431689,3692,1,0,1041,1.4035753650901754,1.5221079505883144,-1.049952457327833,-1.0260106081322555
7027,4099,1,2,1.0157103913654388,1.4919624118407036,1,2,-0.5489055774840305,1,2,1,-0.07422094054604492,1,2,2,2,1,1,1,2,2,1,0,-0.18817167093773737,0.8183009659437656,-0.24831296685183657,-0.27330037394865414,0.2953233572150773,0.7327888721948063,1.2220938675842514,0,0.029271555040875995,1,1,2,2,0.5518740419346677,6779,1,0,841,1.2662302046635519,1.010288098513612,-0.856716425301952,-1.0342845766445141
6027,4884,1,2,-0.31718476167849363,-0.015760471909372284,6,2,-0.6867962818335203,1,1,4,-1.0047956244259384,1,1,1,1,1,1,1,1,1,1,0,-1.5076384890696393,-0.7233840117018461,-0.24831296685183657,-0.27330037394865414,-0.4180241958179774,-0.697392066424698,-0.46856156420967404,0,0.6263163339371681,1,1,2,1,-0.4868349044431689,3204,1,0,855,-0.7460110477045494,-1.406468876883533,1.2000979948705686,0.253665001883678
6089,2874,1,1,-0.6504085499394767,-0.464002410321557,6,2,-0.11710698686849216,2,2,2,-0.5639970899565152,1,1,1,1,2,2,1,2,1,2,0,0.9800716201790471,-0.13531474084253614,-0.24831296685183657,-0.27330037394865414,-0.36020467879425233,-0.21517585111384116,0.3539423033580707,0,1.939814847509011,1,2,1,1,-0.4868349044431689,3126,1,0,988,-0.48155428782426624,-1.0896996928904754,1.2659545769832374,1.136190123311204
1547,5711,1,2,2.015381756148388,-0.8307458144769808,4,2,0.7082951166319749,1,1,4,-1.0047956244259384,1,1,1,1,1,1,1,1,1,2,0,-1.4494755940638249,-0.8712618540138337,-0.24831296685183657,-0.27330037394865414,-0.4043223286581161,-0.8103065071999592,0.6836201125578861,1,0.20838498870976363,1,1,2,2,1.5905829883125042,102,1,0,703,-0.927522102856597,-0.8600971736600762,0.9985115786586569,1.2923553690025742
4704,2814,1,1,-0.6504085499394767,-0.5455009445783178,4,2,1.5233392329512598,1,2,0,-0.6129747048975622,1,1,1,2,2,1,1,2,1,2,1,-0.10674361792959748,-0.5238967582935081,-0.24831296685183657,-0.27330037394865414,0.15852911275097936,-0.36923861777162337,1.209413951845797,1,0.9248387233853143,1,1,1,1,-0.4868349044431689,447,1,0,888,0.8477314217165458,0.32242838761828774,-1.0872230502835631,0.9953435393225294
1357,6808,1,2,0.34926281484347255,-1.2789877528891656,6,2,-0.9438038387666069,1,2,1,-0.07422094054604492,1,1,1,2,1,1,1,2,1,2,1,-0.5155456799704636,-0.9845863240398511,-0.24831296685183657,-0.27330037394865414,-0.874934217781559,-1.0390044975701807,0.0656855522372064,1,1.4621790243919772,1,2,2,2,0.5518740419346677,1313,1,0,589,1.1682034627120008,0.9528562788755499,-0.7009519821933645,-1.0028434962979318
1454,146,1,1,-0.6504085499394767,0.5547292678879536,6,2,1.3148847409299655,2,2,2,0.023734289336049142,2,2,1,1,1,1,1,1,1,1,1,0.6477122201458225,0.6916052675618747,-0.24831296685183657,3.710256194181253,1.4662424016608104,1.0134868421220558,-0.7534370044669505,0,-0.5677732238554162,1,1,1,1,-0.4868349044431689,2769,1,0,691,0.6102050854493261,0.6439408562180511,-1.109259263418215,0.11244017933444307
726,4961,1,2,-0.31718476167849363,-1.2789877528891656,5,2,-0.006405998869605935,1,1,4,-1.0047956244259384,1,1,1,1,1,1,1,1,1,2,1,-1.4594463760648215,-0.9971190925318251,-0.24831296685183657,-0.27330037394865414,-0.8578305077406286,-1.0438631344035396,-0.4930760679706859,0,1.99951932539864,1,2,2,1,-0.4868349044431689,3422,1,0,552,-0.024814303346710097,-0.5827863657039924,-0.24098873884691127,-0.9839788480899824
4958,4651,1,1,-0.6504085499394767,0.5139800007595733,6,2,-1.2182904990679386,1,2,2,-0.025243325604997886,2,2,1,2,1,1,1,1,1,2,0,0.6959043331506402,0.6609352883297555,-0.24831296685183657,1.7184779101162997,-0.6647759242399623,0.34206651271213895,0.8425417231465151,0,1.99951932539864,1,2,1,1,-0.4868349044431689,425,1,0,978,-1.1548148781508525,-0.7598303750404178,0.6298381015681048,2.8295168791199923
1678,4857,1,2,2.015381756148388,1.2882160761988013,2,2,-0.19284976813088783,1,1,4,-1.0047956244259384,1,1,1,1,1,1,1,1,3,1,1,-1.505976692069473,-0.47297135392823403,-0.24831296685183657,-0.27330037394865414,0.6255856035855272,-0.19094549414747766,1.0378124255187136,0,-0.3289553122968993,1,1,2,1,-0.4868349044431689,3220,1,0,703,-0.9291379282733808,-0.8756860129503461,1.005052070802815,1.6141418243993246
3573,2756,1,2,-0.31718476167849363,0.7177263364014754,6,2,-1.1885112859220397,1,2,0,0.17066713415919024,1,1,1,1,1,1,1,2,1,2,0,0.2089978121019659,0.513873841148407,-0.24831296685183657,-0.27330037394865414,-0.6131576833015193,0.22354997989841413,1.137561095994555,0,1.3427700686127186,1,2,2,1,-0.4868349044431689,5534,1,0,416,1.1590471186835594,0.8571095752965594,-0.6346469887669134,-0.9642631631207721
478,2043,1,1,-0.6504085499394767,0.10648732947576899,3,1,-1.4863034173810314,1,2,0,-0.41706424513337415,1,1,2,2,1,1,1,1,1,2,1,-1.0406735320229585,-0.48742375421387296,-0.24831296685183657,0.921766596490318,-0.884832635609114,-0.6382297860184947,-1.5615703008644468,0,0.7457252897164266,1,1,1,1,-0.4868349044431689,119,1,0,316,-0.785329466179622,-1.148304169141383,1.1405428450401498,0.9502858707957731
2926,3384,1,2,0.01603902658248947,0.7177263364014754,6,2,0.857838556560295,1,2,2,0.07271190427709617,1,2,2,2,2,2,2,2,2,2,0,1.284180471209448,1.304475298606006,-0.24831296685183657,-0.27330037394865414,1.2537217172295825,1.4005303199794639,0.8763548317823936,1,-0.5080687459657869,1,1,2,2,0.5518740419346677,4791,1,0,554,-1.8593147598685924,-0.8777210481223429,0.6299439377788089,1.7057701156950786
6568,3415,1,1,-0.6504085499394767,0.5954785350163341,2,1,-1.4863034173810314,1,2,0,0.12168951921814321,2,1,2,2,1,1,1,2,3,1,1,-0.7598298389948839,-0.17878226536575542,-0.24831296685183657,-0.27330037394865414,-0.884832635609114,-0.404582408414291,-1.5725595611711074,0,0.44720290026828047,1,1,1,1,-0.4868349044431689,1952,1,0,1003,-1.606168777905796,-0.9438762987843156,0.6618892982378951,0.45096369103599054
3286,1759,1,2,-0.31718476167849363,0.6362278021447145,6,2,0.14443218945636188,2,2,2,0.07271190427709617,1,1,2,1,1,2,2,2,3,2,1,0.8737166121684152,0.9224685716666684,-0.24831296685183657,-0.27330037394865414,0.5433744006263596,0.8884781652637562,-0.6815841486157086,1,1.103952157054202,1,2,2,1,-0.4868349044431689,1280,1,0,875,-0.01888961015183614,-0.12584805829862628,-0.39548268323309876,-0.9207184488362574
5243,5981,1,1,-0.6504085499394767,0.391732199374432,2,2,-0.17407591636499492,2,2,1,-0.270131400310233,1,1,2,2,2,2,2,2,3,2,1,0.45494376812655235,0.4823433373191277,-0.24831296685183657,-0.27330037394865414,0.12076629438022368,0.4154835868162144,-1.0214058904062877,0,0.5666118560475389,1,1,1,1,-0.4868349044431689,5709,1,0,583,-1.720353774025185,-0.8992339298868265,0.6086550768338009,-0.19298745831807043
6342,5759,1,2,2.6818293326703544,0.6362278021447145,6,2,-0.6725540494593946,2,2,2,-0.12319855548709195,2,2,2,2,2,2,2,2,3,1,1,1.5633623672373562,1.3959336179708508,-0.24831296685183657,-0.27330037394865414,-0.17214655202515602,1.0515287119832475,-0.40431665780150483,1,0.14868051082013442,1,1,2,2,1.5905829883125042,3054,1,0,158,0.23533358875548285,0.10659476081753137,-0.9728684171959573,-0.42640793000390004
3298,178,1,1,-0.6504085499394767,0.10648732947576899,6,2,1.4145803675488453,1,2,1,-0.025243325604997886,2,2,2,1,1,1,1,2,1,1,0,-0.13997955793291994,-0.1314092830554246,-0.24831296685183657,-0.27330037394865414,0.967695240267478,0.18030392360149025,-0.7923220793982108,0,0.6263163339371681,1,1,1,1,-0.4868349044431689,3974,1,0,734,0.08721625888363387,0.17206343014659575,0.10934443699343765,-0.45165535392130596
5851,1073,1,1,-0.6504085499394767,-0.7899965473486004,6,2,-1.198221898904398,2,2,2,0.21964474910023726,1,1,1,1,1,2,1,2,1,2,0,0.572931355138347,-0.5088927396763563,-0.24831296685183657,-0.27330037394865414,-0.8165004791265298,-0.6454898180683414,-0.876854850987907,0,1.939814847509011,1,2,1,1,-0.4868349044431689,5982,1,0,871,-0.7583990425665585,-1.2469559826434544,1.2025628645146722,-0.7271548654694787
992,1292,1,1,-0.6504085499394767,0.9214726720433775,6,1,-1.4863034173810314,1,2,1,0.12168951921814321,1,1,2,1,2,2,1,2,2,2,0,-0.4889569279678058,0.20434976296986876,-0.24831296685183657,-0.27330037394865414,-0.884832635609114,-0.10154587833366722,0.44946433525442747,1,1.4621790243919772,1,2,1,1,-0.4868349044431689,3816,1,0,788,-0.8203390168766045,-1.4493103368688627,1.468281846670097,-1.003978211979613
2047,1106,1,1,-0.6504085499394767,-1.238238485760785,6,2,0.25319105485877635,2,2,2,1.5420403525085071,1,1,1,1,1,1,1,2,1,2,0,0.37019212111808014,-0.9430604960435575,-0.24831296685183657,-0.27330037394865414,-0.821355192404722,-0.9903273788359676,-1.943658428449874,0,-0.9857045690828207,1,1,1,1,-0.4868349044431689,7015,1,0,828,1.0130842227007553,0.6227905055998527,-0.5559127392970385,-0.26546742248545485
4535,1503,1,2,0.6824866031044556,0.4324814665028124,6,2,-1.3043912675115168,2,1,4,-1.0047956244259384,1,1,1,1,1,1,1,1,3,1,1,-1.3464441800535252,-0.530626501937966,-0.24831296685183657,-0.27330037394865414,-0.7421087900120414,-0.6406974988354377,0.026800477305946112,1,0.8054297676060558,1,1,2,2,1.5905829883125042,2687,1,0,222,-0.4632415997673831,-1.0202978644212657,0.8593216431795351,1.2324518369738227
3369,6766,1,2,-0.31718476167849363,-0.015760471909372284,6,2,-1.098526272285518,2,2,2,0.12168951921814321,1,1,1,1,1,2,2,2,1,2,0,0.6726391751483144,0.15960248391753962,6.024740109014276,-0.27330037394865414,-0.6584210927468542,-0.08733645983610652,0.15529029012228443,1,1.3427700686127186,1,2,2,1,-0.4868349044431689,0,1,0,548,-1.439738759977064,-0.9787809595737608,0.7230445244644004,1.9382922707995773
311,1678,1,1,-0.6504085499394767,-0.8714950816053613,4,2,-1.0059517618537008,1,2,1,-0.17217617042813899,1,1,2,2,1,1,1,2,2,1,0,-0.3643221529553466,-0.7187945471836584,-0.24831296685183657,-0.27330037394865414,-0.7884234634032623,-0.8032140143512627,1.2668962365267904,0,-0.806591135413933,1,1,1,1,-0.4868349044431689,4290,1,0,576,0.032278194712984425,0.547895621404636,0.42683403716540597,-0.658268167627418
4431,6131,1,2,1.0157103913654388,-0.13800827329451357,6,2,0.10882660852104757,1,1,4,-1.0047956244259384,1,1,1,1,1,1,1,1,1,2,2,-1.4660935640654862,-0.7173382747884643,-0.24831296685183657,-0.27330037394865414,-0.04079761856165802,-0.5811408032265263,0.22545249054173233,1,-1.5827493479791128,2,1,2,2,0.5518740419346677,6508,1,0,841,1.2581510775796327,0.9377664768726813,-0.8070012579038791,1.0658377510469716
1843,81,1,1,-0.6504085499394767,1.3697146104555622,1,2,1.6715879244819318,2,2,2,-0.6129747048975622,1,2,1,1,1,2,2,1,1,1,1,0.8188773111629334,1.6312539981942689,4.309995925476132,1.3201222533033088,2.9180024750659075,2.1521740035401873,0.41311524347085804,1,0.5069073781579098,1,1,1,1,-0.4868349044431689,5165,1,0,370,1.0540184665926118,1.153534078447913,-1.3863138607730847,-1.0384924806307483
3421,5591,1,1,-0.6504085499394767,1.6142102132258447,6,2,1.4980916391971277,2,2,1,0.31759997898233133,2,2,2,2,2,2,2,2,3,1,1,0.7906267621601091,1.8013510268995978,-0.24831296685183657,-0.27330037394865414,3.0357912848229223,2.32012856229335,1.747887706872162,1,0.865134245495685,1,1,1,1,-0.4868349044431689,2421,1,0,1035,-1.1208825443983925,-0.8080842832678284,0.6074607059120909,1.3809577518138452
5894,976,1,2,0.34926281484347255,-1.0344921501188828,6,2,1.749272828340799,1,2,0,0.21964474910023726,2,1,2,2,1,2,2,2,1,2,1,0.21896859410296257,-0.7787223627192237,-0.24831296685183657,-0.27330037394865414,-0.47157959728591803,-0.756987156433873,-0.7957033902617986,1,0.029271555040875995,1,1,2,2,1.5905829883125042,5920,1,0,284,0.019890199850975235,-0.4985017222886185,0.833462329030034,-0.6834210319046838
714,4419,1,1,-0.6504085499394767,-1.2789877528891656,6,2,1.2650369276205253,1,2,2,-0.6129747048975622,1,1,2,1,1,2,1,2,1,2,0,0.6726391751483144,-0.9688100397585812,-0.24831296685183657,-0.27330037394865414,-0.8346318292044497,-1.0146170726027386,-1.4795735124224414,0,1.4621790243919772,1,2,1,1,-0.4868349044431689,3852,1,0,732,-1.4882135224805781,-0.9317791002549168,0.739113524929563,1.5680912796510973
3114,3061,1,2,0.34926281484347255,1.451213144712323,6,2,0.5464515669260009,1,2,2,-0.07422094054604492,2,2,2,1,2,2,2,2,3,2,0,1.3456669602155942,2.159152741452148,-0.24831296685183657,-0.27330037394865414,1.637255878161217,2.189866833398983,1.1789821540735062,1,-0.3289553122968993,1,1,2,2,1.5905829883125042,6435,1,0,387,1.1574312932667754,1.1033415399790245,-0.5296611812964451,-0.9928674542631515
853,4935,1,2,1.682157967887405,1.451213144712323,1,2,0.7348374587837548,2,2,2,-0.270131400310233,1,1,2,1,1,1,1,2,2,2,1,0.5180920541328647,1.4602081859587381,-0.24831296685183657,-0.27330037394865414,1.8709908327813338,1.7061078612775342,0.9980820228715562,1,1.700996935950494,1,2,2,1,-0.4868349044431689,755,1,0,232,-0.02912317112480025,-0.2902512749175912,-0.3308738543414041,-0.9898888255987385
3673,4907,1,1,-0.6504085499394767,-0.13800827329451357,6,1,-1.4863034173810314,1,2,1,0.31759997898233133,1,2,1,2,1,1,1,2,1,1,0,-1.0124229830201346,-0.5629292714313635,-0.24831296685183657,-0.27330037394865414,-0.884832635609114,-0.7084217305004267,-1.559879645432653,1,-0.3886597901865285,1,1,1,1,-0.4868349044431689,3797,1,0,691,0.6064348261434972,0.6527825655600801,-1.1665449692392083,-0.4934979946832989
1591,2790,1,1,-0.6504085499394767,1.0437204734285188,6,2,1.1135513650957334,1,2,1,-0.025243325604997886,2,2,1,1,2,1,1,1,1,2,1,0.016229360082695727,0.6668927663100952,-0.24831296685183657,4.108611850994244,1.8665022900910342,1.1157066972238883,1.277885496833451,0,0.029271555040875995,1,1,2,1,-0.4868349044431689,3912,1,0,726,0.44000480821476506,0.5106363309466344,-1.0949008174989106,1.1044180842241313
5009,2170,1,2,-0.31718476167849363,-1.1567399515040242,6,2,0.3619499202611908,1,1,4,-1.0047956244259384,1,1,1,1,1,1,1,1,1,2,0,-1.4893587220678117,-0.9697367585555229,-0.24831296685183657,-0.27330037394865414,-0.749940115811169,-0.9903238884359437,-1.2251298699374555,0,-0.9857045690828207,1,1,2,2,1.5905829883125042,4615,1,0,659,-0.12499547918730614,-0.5026333621680705,0.003036605276940333,-1.009037152727108
2119,3105,1,2,2.348605544409371,-0.7084980130918396,4,2,1.7091356280137178,1,1,4,-1.0047956244259384,1,1,1,1,1,1,1,1,2,2,1,-1.504314895069307,-0.9005196903172799,-0.24831296685183657,-0.27330037394865414,-0.01027552826762226,-0.7170081145593801,0.9050959741228903,1,-0.6871821796346745,1,1,2,2,2.629291934690341,58,1,0,501,0.7820211881006709,0.7389629025672032,-1.3624371187987152,-1.007949716865497
573,363,1,2,0.01603902658248947,0.9214726720433775,2,2,1.28575290198289,2,2,2,0.31759997898233133,1,2,2,1,1,1,1,1,1,2,0,0.6875953481498096,1.1448590181994232,-0.24831296685183657,3.3119005373682624,1.897000756476174,1.4957833366334632,0.9313011333156962,0,1.163656634943831,1,2,2,1,-0.4868349044431689,1664,1,0,855,-0.7347002697870627,-1.3530005960906133,1.1822599514273109,0.6033938309418271
411,3915,1,2,-0.31718476167849363,0.5547292678879536,6,2,-0.29189802055094394,2,1,4,-1.0047956244259384,1,1,1,1,1,1,1,1,2,1,0,-1.3248408190513656,-0.4878871136123438,-0.24831296685183657,-0.27330037394865414,0.1176479384059103,-0.35283722805901285,-2.007058007142146,1,0.5666118560475389,1,1,2,1,-0.4868349044431689,5929,1,0,357,-0.3474407782312103,-0.9764915450052648,0.8235355423371534,0.43914373601847845
4804,323,1,1,-0.6504085499394767,0.5139800007595733,2,2,0.7225373490061006,2,2,2,-0.270131400310233,1,1,2,1,2,2,1,2,2,2,0,1.2426355462052947,1.0833646066023614,-0.24831296685183657,-0.27330037394865414,0.9287748503608027,1.1296229221194363,0.8374697568511333,0,1.6412924580608648,1,2,1,1,-0.4868349044431689,5637,1,0,386,1.3254771366122915,1.605235734837441,-0.5007465428536244,-0.9491809005184266
1391,3174,1,1,-0.6504085499394767,-1.2789877528891656,5,2,1.7013671376278312,1,2,2,-0.6129747048975622,1,1,1,1,1,1,1,2,1,2,0,0.16246749609731476,-0.97558391286956,-0.24831296685183657,-0.27330037394865414,-0.8266705719063924,-1.0176223070233723,-1.6756895425105367,0,0.32779394448902205,1,1,1,1,-0.4868349044431689,4274,1,0,858,0.3387464154296465,0.6434730087611141,-1.244326228618815,0.5192357512171406
4893,4102,1,1,-0.6504085499394767,1.2474668090704208,6,2,0.0881106341586829,1,1,4,-1.0047956244259384,1,1,1,1,1,1,1,1,3,1,1,-1.504314895069307,-0.4701029386043668,-0.24831296685183657,-0.27330037394865414,0.9249477771196003,-0.1002160359245365,-0.025609841079665574,0,0.08897603293050521,1,1,1,2,0.5518740419346677,872,1,0,679,1.3324790467516878,1.3065667790809845,-0.5699318594706027,-1.0200533508034293
3434,4333,1,2,1.3489341796264218,1.6142102132258447,6,1,-1.4863034173810314,1,2,1,-0.8088851646617503,2,2,2,2,2,2,2,2,3,1,0,0.02453834508352634,1.1647172781338888,-0.24831296685183657,-0.27330037394865414,-0.884832635609114,0.6580524268816721,-0.2377870977698032,0,0.5666118560475389,1,1,2,1,-0.4868349044431689,5249,1,0,8,0.549880936556064,0.6717002103924423,-1.0389259952701826,-0.32872782173917975
4382,2973,1,1,-0.6504085499394767,-1.0752414172472633,5,2,-0.37411454380157866,1,2,1,0.07271190427709617,2,2,1,1,1,1,1,2,1,1,0,-0.28289409994720643,-0.8346123320681144,-0.24831296685183657,-0.27330037394865414,-0.7630750091575188,-0.8873291645287904,-0.24539504721287586,0,-0.14984187862801165,1,1,1,1,-0.4868349044431689,2982,1,0,1094,1.1897478016024516,1.0216553739976415,-0.9774681146165657,0.7757287750971539
5359,347,1,1,-0.6504085499394767,-1.2789877528891656,6,2,1.2889897729770092,1,2,2,-0.6129747048975622,1,1,1,1,1,1,1,1,1,2,1,0.18905624809997262,-0.9752308771373919,-0.24831296685183657,0.1250552828643366,-0.8341947868898679,-1.0160760598127558,-0.739911761012599,1,-0.26925083440727005,1,1,1,1,-0.4868349044431689,3321,1,0,864,0.8778934961631768,0.46696813792268427,-0.9730299566754592,1.3978839273989225
5919,3032,1,1,-0.6504085499394767,-0.3417546089364157,6,2,0.7303058393919876,1,1,4,-1.0047956244259384,1,1,1,1,1,1,1,1,3,1,2,-1.4960059100684764,-0.7865112135601864,-0.24831296685183657,-0.27330037394865414,0.08582653312257733,-0.5984357353452718,-1.488872117297308,0,0.6263163339371681,1,1,1,2,0.5518740419346677,4547,1,0,5,-0.5117163622708973,-1.0998311219752688,1.3598610042907033,-0.9317346469125788
5622,4675,1,1,-0.6504085499394767,0.7177263364014754,2,1,-1.4863034173810314,1,2,1,2.717503111093636,2,2,1,1,2,1,1,2,2,2,0,-0.721608507991063,-0.03191940078375148,-0.24831296685183657,-0.27330037394865414,-0.884832635609114,-0.2884218956167424,0.8526856557372786,1,-0.3886597901865285,1,1,1,2,2.629291934690341,819,1,0,855,-0.7422407883987204,-1.386695334495753,1.2135094852203823,-0.49595654532694144
5961,1642,1,1,-0.6504085499394767,-1.2789877528891656,6,2,-0.5424318354957915,1,2,1,2.5705702662704946,1,1,1,1,2,1,1,2,1,2,2,-0.3742929349563432,-0.9827108217127072,-0.24831296685183657,-0.27330037394865414,-0.867610806023702,-1.0353570295451375,0.5864074252297354,1,-1.4633403921998542,2,1,1,1,-0.4868349044431689,2160,1,0,1056,1.2118307489651636,1.139168123549415,-0.5670543214435214,-1.0453007747208354
6691,6242,1,1,-0.6504085499394767,0.6362278021447145,6,2,1.4598965614665178,2,2,1,0.31759997898233133,2,2,2,1,2,2,2,2,2,2,1,0.6211234681431647,0.7093673778365912,-0.24831296685183657,-0.27330037394865414,1.6954651896817314,1.0603664048439267,-0.1270491669873011,0,-0.9857045690828207,1,1,1,1,-0.4868349044431689,3514,1,0,554,-1.8717027547306018,-0.8872351616016166,0.6953637134253576,3.738660539246956
4072,43,1,2,1.0157103913654388,-0.3010053418080353,6,2,-1.0687470591396189,1,2,0,-0.07422094054604492,2,2,2,1,1,1,1,2,2,2,0,-0.10508182092943122,-0.29539438064758994,5.433754475278251,-0.27330037394865414,-0.6943648701325937,-0.4562054247687304,-0.5015293451296555,1,-0.030432922848753218,1,1,2,1,-0.4868349044431689,3121,1,0,864,0.8832795808857895,0.4575646065695958,-1.0027216557179446,0.23087612860991466
3724,7024,1,1,-0.6504085499394767,-0.5455009445783178,6,2,0.5872361414519065,1,1,4,-1.0047956244259384,1,1,1,1,1,1,1,1,1,1,1,-1.491020519067978,-0.8441222321033973,-0.24831296685183657,-0.27330037394865414,-0.16599252375766654,-0.718414745769038,-0.9766035214637486,0,0.029271555040875995,1,1,1,1,-0.4868349044431689,4264,1,0,135,-0.6749147293660618,-1.2369112369835855,1.9770940715848901,-0.6752889028526355
6542,1374,1,1,-0.6504085499394767,-1.1567399515040242,6,2,1.38544852860177,1,2,2,-0.025243325604997886,1,1,2,1,1,2,2,2,1,1,0,0.7075369121518029,-0.8703571999501526,-0.24831296685183657,-0.27330037394865414,-0.6752413158810288,-0.889646790144703,-0.6317098133777879,1,0.9845432012749434,1,1,1,1,-0.4868349044431689,3396,1,0,601,-0.4858631556023564,-1.0305269136247777,1.1968834520672875,-0.3816339403975641
327,5269,1,2,2.6818293326703544,1.1252190076852797,6,2,-0.3061402529250696,2,2,2,-0.46604186007442117,2,1,1,1,1,1,1,2,3,2,0,0.5380336181348585,1.1379748214221421,6.019678133564717,-0.27330037394865414,0.407158941930221,1.0013926060390177,1.5331744670343337,1,1.4621790243919772,1,2,2,2,0.5518740419346677,5869,1,0,702,1.432660222592284,1.2128964270727873,-0.21154120579930044,-1.0022288586370212
5121,3615,1,1,-0.6504085499394767,-0.3010053418080353,6,2,-0.8130342506041799,1,2,2,1.346129892744319,2,1,2,2,2,2,2,2,1,2,0,1.3539759452164248,0.17901944918679494,-0.24831296685183657,-0.27330037394865414,-0.5777218199570504,-0.030830373848140285,1.2018060024027242,1,-1.1648180027517083,2,1,1,1,-0.4868349044431689,6150,1,0,554,-1.8690097123692953,-0.8786312240840212,0.6509603169006378,1.1746286170281535
1455,3601,1,1,-0.6504085499394767,1.6142102132258447,6,1,-1.4863034173810314,1,2,0,2.4726150363884005,2,2,2,2,2,2,2,2,3,1,1,0.08103944308917463,1.0552762011617225,-0.24831296685183657,-0.27330037394865414,-0.884832635609114,0.5714905062873451,1.0073806277464228,1,-1.5827493479791128,2,1,1,2,2.629291934690341,410,1,0,190,-0.8483466574341905,-1.453968963364311,1.2520352584995869,2.316058033159265
747,7023,1,1,-0.6504085499394767,-0.9529936158621221,6,2,-0.8363397217618402,2,2,2,-0.36808663019232707,1,1,1,1,1,2,1,2,1,2,0,0.6344178441444933,-0.6576311065855042,-0.24831296685183657,-0.27330037394865414,-0.7780998152155737,-0.7517864603981653,-0.5725368732650005,1,1.5815879801712356,1,2,1,1,-0.4868349044431689,2199,1,0,391,1.1579699017390368,0.9878050915029235,-0.3553243399843412,-1.015609047716845
1897,6005,1,1,-0.6504085499394767,-1.2789877528891656,6,2,1.0954248875286647,2,2,2,-0.07422094054604492,1,1,1,1,1,1,1,2,1,2,0,0.2954112561106046,-0.9738187342087186,-0.24831296685183657,-0.27330037394865414,-0.8377265612698667,-1.0194931614362175,0.8814267980777754,1,1.99951932539864,1,2,1,1,-0.4868349044431689,4751,1,0,988,-0.4826315047687888,-1.1025652954249054,1.1777215276023723,-0.9016174015279579
6726,2409,1,2,1.0157103913654388,0.10648732947576899,6,2,-0.4886997769934082,1,1,4,-1.0047956244259384,1,1,1,1,1,1,1,1,3,1,1,-1.4976677070686424,-0.6839984628318224,-0.24831296685183657,-0.27330037394865414,-0.24775487244780442,-0.6159261298653596,1.0445750472458892,0,0.9248387233853143,1,1,2,2,1.5905829883125042,224,1,0,675,1.1708965050733071,1.0020604642752358,-0.7573636108882124,0.475738316752696
3241,7006,1,2,-0.31718476167849363,-0.9529936158621221,5,2,-0.06208017996846093,2,2,2,-0.6619523198386092,2,2,2,1,1,1,1,2,1,1,0,0.896981770170741,-0.6242471651623414,-0.24831296685183657,-0.27330037394865414,-0.6509559375356194,-0.6878109183589146,-0.18960341796367633,0,0.6860208118267973,1,1,2,1,-0.4868349044431689,5727,1,0,677,-1.0153152838351838,-0.8215704419096448,0.6425305555565789,0.6848569609225207
4465,1595,1,2,2.015381756148388,1.4104638775839426,6,2,1.5492342009042155,1,2,2,0.4155552088644254,2,2,2,2,2,2,2,2,3,2,0,1.5384354122348645,2.2244202224367586,-0.24831296685183657,-0.27330037394865414,2.826046409687011,2.5927741793653123,1.4393430905697708,1,0.26808946659939287,1,1,2,1,-0.4868349044431689,5626,1,0,615,0.834266209910014,0.504090922239567,-0.984935137798316,1.9246756826194034
1298,6312,1,1,-0.6504085499394767,1.451213144712323,1,2,-0.17278116796734716,2,2,1,0.4155552088644254,2,2,2,1,1,2,2,2,2,1,1,0.39844267012090406,1.3030852204105936,-0.24831296685183657,-0.27330037394865414,0.7448863435119057,1.2490713917395597,0.8408510677147212,1,-0.3886597901865285,1,1,1,1,-0.4868349044431689,2881,1,0,66,-1.7693671450009605,-0.9021200018614451,0.7358938759933087,3.931089406932053
4829,6037,1,2,1.3489341796264218,0.6362278021447145,6,2,-0.6188219909570112,1,2,2,2.6685254961525886,2,1,2,2,2,2,2,2,3,2,0,1.3207400052131024,1.2301833417178443,-0.24831296685183657,-0.27330037394865414,-0.1250877255037013,0.9343350407786057,-0.4677162364937771,0,1.939814847509011,1,2,2,2,2.629291934690341,5479,1,0,453,-0.13522904016027026,0.07629890380734276,0.24715571656992158,-0.8332035018865976
4773,6265,1,1,-0.6504085499394767,-0.178757540422894,3,2,0.48689314063420264,2,2,2,-0.36808663019232707,1,2,2,1,2,2,2,1,1,2,0,1.3606231332170895,0.3085173686927715,-0.24831296685183657,2.9135448805552717,0.12324680481433653,0.3066529140689921,-1.6368044675792766,1,-0.806591135413933,1,1,1,1,-0.4868349044431689,660,1,0,784,-0.12337965377052233,-0.0763530378564459,0.4015698196041756,2.053182233569795
4052,3883,1,2,1.0157103913654388,1.4919624118407036,6,2,1.1264988490722116,1,2,0,1.5910179674495541,2,2,1,2,2,2,2,2,3,1,0,0.5280628361338618,1.4395776603601544,-0.24831296685183657,-0.27330037394865414,2.4046076869312425,1.8474725526481324,0.18403143246278117,1,0.08897603293050521,1,1,2,2,2.629291934690341,2454,1,0,858,0.34359389167999793,0.6213865581663041,-1.219831180360837,0.5218361413209933
1493,5695,1,2,1.682157967887405,0.9622219391717579,2,2,0.29785987457762503,2,2,2,0.4155552088644254,1,1,1,2,1,1,1,1,1,2,0,0.4017662641212361,0.8805455784716852,-0.24831296685183657,4.506967507807235,0.9381771661015351,1.0138672957246675,1.3818608058887774,0,1.5218835022816064,1,2,2,1,-0.4868349044431689,4534,1,0,218,-0.32535783086849823,-0.9632674619518835,1.0010205467238957,1.8039230221604994
4741,4544,1,1,-0.6504085499394767,0.7584756035298558,2,2,1.3848011544029462,2,1,4,-1.0047956244259384,1,1,1,1,1,1,1,1,3,1,0,-1.3231790220511994,-0.4379325575105324,-0.24831296685183657,-0.27330037394865414,1.7868542812471164,0.17991997959885417,0.8941067138162299,0,0.5666118560475389,1,1,1,1,-0.4868349044431689,3239,1,0,331,-0.6188994482508898,-0.8699871853558343,1.0619770979583718,0.3643943404877317
1862,1202,1,1,-0.6504085499394767,0.5139800007595733,2,2,-0.29125064635211995,2,2,0,-0.8578627796027974,2,1,1,2,1,2,2,2,3,2,0,0.17576187209864347,0.3451227611719698,-0.24831296685183657,-0.27330037394865414,0.09638642039922912,0.2997454124215656,-0.1498730153165191,0,1.99951932539864,1,2,1,1,-0.4868349044431689,2484,1,0,649,0.2999666054268351,0.4950960991843591,-1.070553382903238,0.26865270484588344
2967,5817,1,1,-0.6504085499394767,0.8399741377866167,6,2,-1.3238124934762336,2,2,2,-0.07422094054604492,2,2,2,1,1,1,1,1,1,1,0,0.8654076271675846,1.1653792201317044,-0.24831296685183657,2.1168335669292904,-0.7276982055852909,0.7259511785478592,0.7174332211937646,0,0.20838498870976363,1,1,1,1,-0.4868349044431689,1411,1,0,554,-1.8749344055641692,-0.8660945324890155,0.6727393666110298,0.987164130450411
435,4470,1,1,-0.6504085499394767,-0.13800827329451357,6,2,1.0611140549909983,2,2,1,2.3746598065063065,1,2,1,1,1,1,1,2,2,2,0,-0.3161300399505289,-0.2913344697276547,-0.24831296685183657,-0.27330037394865414,0.4630885462422412,-0.09529806229077005,0.9135492512818599,0,-1.1051135248620791,2,1,1,1,-0.4868349044431689,4400,1,0,554,-1.8393862463949255,-0.8686723517236067,0.6969897846802147,-1.0457735729215358
1061,780,1,1,-0.6504085499394767,-1.2789877528891656,6,2,-0.4200781119180753,1,1,4,-1.0047956244259384,1,1,1,1,1,1,1,1,1,1,1,-1.4926823160681442,-0.9975603871970354,-0.24831296685183657,-0.27330037394865414,-0.8653783466330005,-1.0464425400212496,0.42664048692520945,0,0.029271555040875995,1,1,1,1,-0.4868349044431689,4830,1,0,637,-0.5036372351869782,-0.9376047124849475,1.1752487666618499,0.03986565552691858
5645,432,1,1,-0.6504085499394767,-0.38250387606479613,6,2,-1.2564855767985486,2,2,2,-0.8088851646617503,2,1,1,1,2,1,1,2,1,2,0,0.8404806721650927,-0.0487989217280473,3.2166092283713663,-0.27330037394865414,-0.7883880275399179,-0.2828302747783508,0.211081919371484,0,1.0442476791645727,1,1,1,1,-0.4868349044431689,3444,1,0,849,0.7938705744904189,0.7271950200399613,-1.308257334406853,-0.2501487607827591
6139,6729,1,2,1.0157103913654388,0.22873513086091027,6,2,1.5090970005771343,1,2,0,0.4645328238054724,2,2,1,1,1,1,1,2,1,1,0,-0.3410569949530208,-0.09017029659151744,-0.24831296685183657,-0.27330037394865414,1.192016067192414,0.279207898680557,0.9287651501680053,0,-0.9857045690828207,1,1,2,2,2.629291934690341,593,1,0,471,-0.13361321474348645,-0.13956955838847693,0.6307938768218122,-0.9582113461518059
1034,3850,1,1,-0.6504085499394767,1.5734609460974642,6,2,-1.3141018804938753,2,1,4,-1.0047956244259384,1,1,1,1,1,1,1,1,3,1,0,-1.3364733980525287,-0.24766836260509073,-0.24831296685183657,-0.27330037394865414,-0.6617520639012342,-0.3931478579357822,0.13077578636127252,0,-0.9857045690828207,1,1,1,1,-0.4868349044431689,751,1,0,414,0.07590548096614722,0.13086855017204965,-0.16774636748614868,-1.0395799164923594
4386,5234,1,1,-0.6504085499394767,-0.5455009445783178,4,2,-0.3747619180004024,1,1,4,-1.0047956244259384,1,1,1,1,1,1,1,1,2,1,1,-1.5275800530716328,-0.8831106157747316,-0.24831296685183657,-0.27330037394865414,-0.4994912456469113,-0.8478003842573889,-1.2547163399938492,1,0.9248387233853143,1,1,1,1,-0.4868349044431689,1594,1,0,182,-1.1715117407909519,-0.7709610938882105,0.5351230484753187,0.6233931948314576
809,243,1,1,-0.6504085499394767,-1.2789877528891656,5,2,0.9950818867109607,1,2,1,0.17066713415919024,2,1,1,1,1,1,1,1,1,1,0,-0.4856333339674735,-0.9841891588411618,-0.24831296685183657,1.7184779101162997,-0.8395574142093308,-1.0107846133764253,0.017501872431079524,0,0.9845432012749434,1,1,1,1,-0.4868349044431689,1107,1,0,513,0.025814893045849194,-0.595412171100322,0.7443746986670979,0.6131807536963271
4214,5663,1,2,1.0157103913654388,1.6142102132258447,1,2,-0.30743500132271734,2,1,4,-1.0047956244259384,1,1,1,1,1,1,1,1,3,1,1,-1.3248408190513656,-0.1858650447423815,-0.24831296685183657,-0.27330037394865414,0.6638563359975537,0.04744882748931825,0.6692495413876377,0,-0.26925083440727005,1,1,2,2,2.629291934690341,6698,1,0,445,0.021506025267759042,0.27225448203513214,0.7275973383004473,-1.0120630612115913
4650,2467,1,1,-0.6504085499394767,-1.0344921501188828,6,2,-0.4802839124086976,1,1,4,-1.0047956244259384,1,1,1,1,1,1,1,1,1,1,1,-1.4660935640654862,-0.9375222479951675,-0.24831296685183657,-0.27330037394865414,-0.7563421951220698,-0.9667357650739896,-1.944503756165771,0,0.5069073781579098,1,1,1,1,-0.4868349044431689,323,1,0,575,-1.735973419720762,-0.8751047479280895,0.4878124055134903,-1.0462463711222363
6491,6835,1,1,-0.6504085499394767,-1.2789877528891656,5,2,-1.0124255038419399,1,1,4,-1.0047956244259384,1,1,1,1,1,1,1,1,1,1,1,-1.4694171580658184,-0.997251480931388,-0.24831296685183657,-0.27330037394865414,-0.8761862849530635,-1.0493919280415,0.33872640447192537,1,-1.0454090469724497,2,1,1,1,-0.4868349044431689,5154,1,0,695,-0.771325645900829,-1.1529688715778321,1.0844157672100554,3.5979557947184913
3208,1467,1,2,2.015381756148388,1.6142102132258447,6,2,0.9381129572144581,2,2,1,1.346129892744319,2,2,2,2,2,2,2,1,3,2,0,0.9185851311729007,1.9883496412824828,-0.24831296685183657,5.702034478246207,2.3001427617917485,2.3030081501758026,0.9524343262131203,0,-1.5827493479791128,2,1,2,1,-0.4868349044431689,5600,1,0,410,0.5681936246129471,0.5980942358145226,-1.0769820043159017,1.8029774257590985
4202,2336,1,2,1.3489341796264218,-0.9937428829905025,5,2,-1.3322283580609444,1,2,1,1.5910179674495541,1,2,1,1,1,1,1,2,1,2,0,-0.5055748979694671,-0.8326927002744493,-0.24831296685183657,-0.27330037394865414,-0.8623426743398244,-0.9151441623197659,1.2863387739924206,1,-1.3439314364205959,2,1,2,1,-0.4868349044431689,3426,1,0,345,0.07482826402162468,0.17350342816340453,0.03908543987046698,-0.7803446630482833
5041,1293,1,2,-0.31718476167849363,-1.0344921501188828,6,2,-0.022590353840203328,2,2,2,-0.46604186007442117,1,1,1,1,2,1,1,1,1,2,0,0.722493085153298,-0.749265943816433,-0.24831296685183657,0.5234109396773273,-0.6978848325581444,-0.7935805102851199,-0.43390312785789853,0,0.9248387233853143,1,1,2,1,-0.4868349044431689,1681,1,0,554,-1.8512356327846735,-0.8529105506462284,0.5874093859221111,0.5381949590652301
1323,1145,1,1,-0.6504085499394767,-0.8714950816053613,4,2,1.1413884556451614,1,2,1,0.07271190427709617,1,1,1,1,1,1,1,1,1,1,1,-0.6501512369839195,-0.7892031110179695,-0.24831296685183657,5.702034478246207,-0.35744068145338376,-0.6791931206997455,0.7208145320573525,1,-0.14984187862801165,1,1,1,1,-0.4868349044431689,2292,1,0,844,0.22671585319930254,0.2337881046319567,-0.8856960508916992,0.007195299858515044
3679,1601,1,2,1.3489341796264218,0.7584756035298558,6,2,-0.8712979284983305,2,2,2,1.49306273756746,1,2,1,2,1,1,1,2,2,1,0,0.6460504231456565,0.8911366504367336,4.773166679110789,-0.27330037394865414,-0.3125434425959417,0.5969250512619765,0.4663708895723667,1,-0.6274777017450454,1,1,2,2,2.629291934690341,2943,1,0,395,1.0550956835371343,1.0736702897035535,-1.7404469279329449,-0.9561783138887938
2895,916,1,2,1.0157103913654388,1.451213144712323,1,2,-0.8544661993289093,2,2,2,-0.270131400310233,1,2,2,1,1,1,1,1,2,1,1,0.720831288153132,1.5368390045725149,-0.24831296685183657,5.702034478246207,-0.10089684279387735,1.2363872780524716,0.06737620766900032,0,0.08897603293050521,1,1,2,1,-0.4868349044431689,5517,1,0,729,-0.7680939950672614,-1.169660291628089,1.3617558438174893,-1.0357029712466155
4060,4970,1,2,-0.31718476167849363,1.1252190076852797,6,2,1.1264988490722116,2,2,2,2.717503111093636,2,1,2,2,2,2,2,1,3,2,0,1.5234792392333694,1.9004216792393211,4.355553704522164,2.9135448805552717,1.9755502535564133,2.1004148615848135,1.1460143731535246,1,0.08897603293050521,1,1,2,2,2.629291934690341,2657,1,0,969,-1.14942879342824,-0.7965160966680929,0.6584018094175229,1.1583170791039867
4556,1766,1,2,1.3489341796264218,1.0844697405568993,6,2,-0.5482582032852066,2,2,0,0.21964474910023726,2,2,1,2,1,1,1,2,2,1,2,0.02453834508352634,0.6711733245626357,-0.24831296685183657,-0.27330037394865414,0.1249831621182154,0.5660838766502236,1.0403484086664043,0,0.6263163339371681,1,1,2,1,-0.4868349044431689,1196,1,0,475,1.4310443971755002,1.2351169534323112,-0.12653430406938543,-0.8195396338863535
5857,6541,1,2,3.015053120931338,1.6142102132258447,1,1,-1.4863034173810314,1,2,1,-0.17217617042813899,2,2,2,2,1,1,1,2,3,1,1,-0.6484894399837535,0.3792569035259904,-0.24831296685183657,-0.27330037394865414,-0.884832635609114,0.03679612661617769,0.5416050562871964,1,-0.030432922848753218,1,1,2,1,-0.4868349044431689,1493,1,0,996,-1.144042708705627,-0.8123990115027239,0.4335049677973158,0.5161625629125874
5727,6581,1,2,1.0157103913654388,1.3289653433271817,6,2,0.7348374587837548,1,2,1,2.4726150363884005,2,1,2,2,1,1,1,2,3,1,1,-0.19481885893840195,0.695797566881373,-0.24831296685183657,-0.27330037394865414,1.7494103856464613,1.0655740816796822,1.0623269292797255,0,-1.4633403921998542,2,1,2,1,-0.4868349044431689,2117,1,0,676,-1.1542762696785913,-0.7933772655479097,0.5915629929984643,1.6489870517909504
2152,5615,1,2,-0.31718476167849363,-1.2789877528891656,5,2,0.6798106518837236,1,2,2,-0.41706424513337415,1,1,1,1,1,1,1,1,1,2,2,0.15415851109648415,-0.9756942365358626,-0.24831296685183657,0.1250552828643366,-0.845309836025583,-1.019727018237823,-1.6875241305330941,0,0.029271555040875995,1,1,2,1,-0.4868349044431689,6424,1,0,46,0.9775360635315116,0.4552006604581746,-0.41762148322111,0.2679907873649027
7041,2692,1,1,-0.6504085499394767,-1.1974892186324047,5,1,-1.4863034173810314,1,2,0,1.5420403525085071,2,1,1,2,1,1,1,2,1,1,2,-1.0140847800203006,-0.9448256747043988,-0.24831296685183657,-0.27330037394865414,-0.884832635609114,-1.0104809485743405,-1.351083699606103,0,-1.2245224806413375,2,1,1,1,-0.4868349044431689,3447,1,0,50,-0.1519259028003696,-0.1136248852591762,-0.17325449238199747,-0.35189493357350354
4029,1918,1,1,-0.6504085499394767,-1.1974892186324047,6,2,0.9096284924662064,1,1,4,-1.0047956244259384,1,1,1,1,1,1,1,1,1,2,0,-1.4710789550659844,-0.9723624618135246,-0.24831296685183657,-0.27330037394865414,-0.7536845053712347,-0.9935071332577996,0.7571636238409218,1,-1.1051135248620791,2,1,1,1,-0.4868349044431689,3364,1,0,859,-0.9210588011894618,-0.853680979964924,0.7710440311836356,0.7518051861417093
2063,3269,1,1,-0.6504085499394767,-0.8307458144769808,4,2,1.4786704132324107,2,2,1,-0.8088851646617503,2,2,1,2,1,1,1,2,1,2,0,0.08270124008934066,-0.639030536446888,-0.24831296685183657,-0.27330037394865414,-0.23564761913844434,-0.5767812935965944,-0.05604163885195623,1,0.44720290026828047,1,1,1,1,-0.4868349044431689,5059,1,0,263,1.3664113805041478,2.329824104010169,-1.0645722444165526,-0.9918272982216104
5400,4676,1,1,-0.6504085499394767,-1.238238485760785,6,2,-0.4640995574381002,1,1,4,-1.0047956244259384,1,1,1,1,1,1,1,1,2,1,1,-1.5109620830699715,-0.9938314472760078,-0.24831296685183657,-0.27330037394865414,-0.8475304834618363,-1.0382191575647886,-1.7931900950202146,1,0.5666118560475389,1,1,1,1,-0.4868349044431689,5495,1,0,851,-0.5822740721371236,-0.8322855663930914,1.1399765284740824,0.11839743666326918
2133,2646,1,2,1.682157967887405,1.0844697405568993,2,2,1.1776414107792992,2,2,2,1.346129892744319,2,2,2,2,1,2,2,1,2,2,1,1.4038298552214086,1.708657082472164,-0.24831296685183657,-0.27330037394865414,1.982932725086511,1.9356959036538668,0.1857220878945751,0,-1.5827493479791128,2,1,2,1,-0.4868349044431689,2768,1,0,1034,0.041434538741426,-0.729771074666466,0.9386537744011331,-1.0272398834540768
5144,1436,1,1,-0.6504085499394767,-0.3010053418080353,3,2,-0.34433533065567945,1,1,4,-1.0047956244259384,1,1,1,1,1,1,1,1,1,2,2,-1.4827115340671475,-0.7696316926158906,-0.24831296685183657,-0.27330037394865414,-0.3639254444454216,-0.7179854265660903,-0.4668709087778801,1,-0.20954635651764086,1,1,1,1,-0.4868349044431689,2293,1,0,894,1.032474127702161,0.9279890726167755,-1.3907970455231309,0.8571919050778476
1081,1660,1,1,-0.6504085499394767,-1.238238485760785,6,2,1.720140989393724,1,1,4,-1.0047956244259384,1,1,1,1,1,1,1,1,1,1,2,-1.4744025490663168,-0.9873885451639368,-0.24831296685183657,-0.27330037394865414,-0.7678234148456776,-1.0095699541680856,-1.1837088118585044,1,-0.26925083440727005,1,1,1,2,1.5905829883125042,6891,1,0,1094,1.2333750878556144,1.0112902237157457,-0.8994905012144634,-0.3365289920507378
6765,6424,1,2,0.6824866031044556,-0.7492472802202199,4,2,-0.10480687709083805,1,2,1,0.17066713415919024,1,1,1,2,1,1,1,2,1,1,0,-0.5305018529719588,-0.7131239107357055,-0.24831296685183657,-0.27330037394865414,-0.5319386845159967,-0.7229383042000963,-1.8870214714847775,1,-0.4483642680761577,1,1,2,1,-0.4868349044431689,5321,1,0,679,1.3324790467516878,1.3065667790809845,-0.5699318594706027,-1.0200533508034293
6831,4349,1,1,-0.6504085499394767,-0.7899965473486004,4,2,-0.06143280576963693,1,1,4,-1.0047956244259384,1,1,1,1,1,1,1,1,1,2,1,-1.477726143066649,-0.8847875355025309,-0.24831296685183657,-0.27330037394865414,-0.546857182984018,-0.8631232403625946,0.7875954216132125,0,-1.1648180027517083,2,1,1,1,-0.4868349044431689,4440,1,0,858,0.3473641509858268,0.6275410813357563,-1.2468941493101833,0.2726242097317675
116,1499,1,1,-0.6504085499394767,-1.0344921501188828,6,2,0.7464901943625849,1,2,0,0.07271190427709617,2,1,1,1,1,1,1,2,1,2,2,-0.4573827849646494,-0.8500797100837371,-0.24831296685183657,-0.27330037394865414,-0.5996566193672767,-0.851273332281234,-0.5615476129583399,1,0.5666118560475389,1,1,1,1,-0.4868349044431689,3302,1,0,5,-0.5117163622708973,-1.0998311219752688,1.3598610042907033,-0.9317346469125788
4785,5828,1,1,-0.6504085499394767,-1.2789877528891656,5,2,1.1329725910604507,1,1,4,-1.0047956244259384,1,1,1,1,1,1,1,1,1,1,1,-1.479387940066815,-0.9973838693309512,-0.24831296685183657,-0.27330037394865414,-0.8370414679118735,-1.0379294543627995,0.8315524628398546,1,-0.14984187862801165,1,1,1,1,-0.4868349044431689,129,1,0,190,-0.8467308320174066,-1.4213444007004994,1.3081224156537146,-0.9235552380404604
2093,3667,1,1,-0.6504085499394767,-0.42325314319317653,4,2,0.4784772760494921,2,2,2,-0.5150194750154682,1,2,1,1,1,1,1,1,1,2,1,0.46823814412788106,-0.30013829829860117,-0.24831296685183657,1.7184779101162997,-0.09614843710571841,-0.25006239935336944,-1.6537110218972157,1,0.5666118560475389,1,1,1,1,-0.4868349044431689,4666,1,0,316,-0.785329466179622,-1.148304169141383,1.1405428450401498,0.9502858707957731
7029,3962,1,1,-0.6504085499394767,0.06573806234738856,6,2,-0.37994091159099375,1,2,1,-0.221153785369186,2,1,2,1,1,1,1,2,2,1,2,-0.2596289419448806,-0.17249381638650796,-0.24831296685183657,-0.27330037394865414,-0.19848721044454462,-0.19679540458764258,-0.8109192891479439,1,-0.030432922848753218,1,1,1,1,-0.4868349044431689,4164,1,0,554,-1.8765502309809532,-0.910661964780847,0.7007961747144285,1.061251608500177
2189,289,1,1,-0.6504085499394767,-1.2789877528891656,5,2,-0.48222603500516925,1,1,4,-1.0047956244259384,1,1,1,1,1,1,1,1,1,1,1,-1.4577845790646555,-0.9970970277985645,-0.24831296685183657,-0.27330037394865414,-0.8665122942600235,-1.046411126421034,0.9524343262131203,0,0.44720290026828047,1,1,1,1,-0.4868349044431689,3648,1,0,304,-1.1688186984296456,-0.8292042541810326,0.5748538691360847,0.2588185022713133
3968,6931,1,2,-0.31718476167849363,0.391732199374432,6,2,-0.6298273523370175,2,2,2,0.12168951921814321,2,1,1,1,2,2,2,1,2,1,0,1.074794049188516,0.7662502601822051,5.6438264564349545,5.702034478246207,-0.22848957474286158,0.5729390222972907,-1.8853308160529836,1,0.9248387233853143,1,1,2,1,-0.4868349044431689,5166,1,0,855,-0.7417021799264591,-1.3811095194038259,1.1717682407500791,1.1321713386052499
4315,4277,1,1,-0.6504085499394767,-1.1974892186324047,5,2,-0.7133386239853,2,2,0,0.4645328238054724,1,1,2,1,2,2,2,1,1,2,0,1.2027524182013078,-0.8607149115153064,-0.24831296685183657,0.1250552828643366,-0.842522214775818,-0.9279609112077646,0.8036566482152548,1,-0.8662956133035622,1,1,1,1,-0.4868349044431689,1674,1,0,958,0.9285226925557362,0.7435996556750576,-0.7152064486775866,0.8733143237217341
1712,3871,1,1,-0.6504085499394767,1.2067175419420404,2,2,-0.9632250647313237,2,2,2,0.023734289336049142,2,2,1,2,1,2,2,1,2,1,0,1.2376501552047963,1.875003106523205,-0.24831296685183657,4.108611850994244,-0.29310096557427645,1.4330992426030795,0.5830261143661476,1,0.9845432012749434,1,1,1,1,-0.4868349044431689,3123,1,0,1008,0.5649619737793795,0.8378496524545765,-1.0132319341514335,-0.5750084044840625
4270,5407,1,2,-0.31718476167849363,-0.3417546089364157,3,2,-0.3682881760121636,2,2,1,-0.12319855548709195,2,1,1,1,1,1,1,2,1,1,0,-0.3327480099521901,-0.41580163005023335,-0.24831296685183657,-0.27330037394865414,-0.395250747641932,-0.4473816935081473,1.0978306933473978,1,0.9845432012749434,1,1,2,2,1.5905829883125042,3653,1,0,332,-0.4718593353235634,-1.0121411161612102,0.9650608373604378,-0.5297143368569561
6050,2949,1,1,-0.6504085499394767,-1.2789877528891656,5,2,0.21111173193522298,1,2,0,0.07271190427709617,2,1,2,1,1,1,1,2,1,2,0,-0.29785027294870164,-0.9816958439827232,-0.24831296685183657,-0.27330037394865414,-0.8538616910460481,-1.0304914119117305,0.9524343262131203,0,1.163656634943831,1,2,1,1,-0.4868349044431689,1234,1,0,565,-0.6086658872779257,-0.6841662767147022,1.3464318745724368,-0.7982637148548317
499,507,1,2,0.01603902658248947,-1.1567399515040242,6,2,-0.8602925671183244,1,2,0,0.07271190427709617,1,1,1,2,1,1,1,2,1,1,1,-0.4889569279678058,-0.9271738880959849,-0.24831296685183657,-0.27330037394865414,-0.8391439958036455,-0.9830184811857853,-0.8506496917951012,1,0.20838498870976363,1,1,2,1,-0.4868349044431689,6081,1,0,316,-0.785329466179622,-1.148304169141383,1.1405428450401498,0.9502858707957731
6553,176,1,2,-0.31718476167849363,-0.8307458144769808,4,1,-1.4863034173810314,1,2,1,-0.31910901525128005,1,1,1,2,1,1,1,2,1,2,2,-1.1786026830367469,-0.8492633149530978,-0.24831296685183657,-0.27330037394865414,-0.884832635609114,-0.9348963360553826,-0.8853081281468766,0,1.4024745465023478,1,2,2,2,0.5518740419346677,2900,1,0,40,0.8175693472699147,0.27581093283332564,-0.8694803651520419,-0.8872916160467331
5626,5366,1,1,-0.6504085499394767,-1.1974892186324047,6,2,0.47200353406125306,2,2,2,0.36657759392337835,1,1,1,1,1,1,1,2,1,2,0,0.37517751211857825,-0.904027982905702,-0.24831296685183657,-0.27330037394865414,-0.7776391489920956,-0.9465368201353052,-1.2428817519712918,1,1.4621790243919772,1,2,1,1,-0.4868349044431689,1346,1,0,874,0.4933270469686307,0.5505528329349509,-1.1888188496540455,0.05925038175563848
5738,1830,1,2,0.34926281484347255,0.6362278021447145,2,2,-1.4202712491009941,1,2,2,-0.9068403945438445,1,1,2,2,2,2,2,2,1,2,1,1.1728400721983174,1.1268983253253622,4.49096154779787,-0.27330037394865414,-0.8270013066309407,0.6321571491038773,-0.788095440818726,0,0.6860208118267973,1,1,2,1,-0.4868349044431689,1499,1,0,548,-1.4413545853938476,-0.9630936900393049,0.7121977054486169,0.6390428152746436
2873,4448,1,1,-0.6504085499394767,1.3289653433271817,6,2,0.9950818867109607,2,2,2,-0.6619523198386092,2,2,1,2,1,1,1,2,2,2,0,0.8338334841644282,1.5728927787202003,-0.24831296685183657,-0.27330037394865414,2.058056755376785,1.8505126910690055,1.708157304225005,0,0.029271555040875995,1,1,1,1,-0.4868349044431689,567,1,0,545,-1.4914451733141456,-0.9734653213249311,0.6681280643427525,-0.0508170393674345
5644,2058,1,2,0.01603902658248947,1.5734609460974642,1,2,0.11335822791281486,2,1,4,-1.0047956244259384,1,1,1,1,1,1,1,1,3,2,1,-1.289943082047877,-0.2111512290589344,-0.24831296685183657,-0.27330037394865414,1.1874684647298739,0.1821747780143356,0.5678102154800022,0,-0.26925083440727005,1,1,2,1,-0.4868349044431689,3698,1,0,649,0.2988893884823126,0.4823868508649745,-1.0762871060377044,-0.40929263513854247
2329,883,1,1,-0.6504085499394767,1.5327116789690838,1,1,-1.4863034173810314,1,2,0,-0.36808663019232707,1,2,2,1,2,1,1,2,2,2,1,-0.6883725679877406,0.3227049921792842,-0.24831296685183657,-0.27330037394865414,-0.884832635609114,-0.007933349690931237,-0.3197838862118086,1,1.2830655907230895,1,2,1,1,-0.4868349044431689,5159,1,0,915,0.9506056399184482,0.8293056642215076,-0.3066545372639563,-1.0250177319107845
3716,3205,1,2,-0.31718476167849363,-1.1974892186324047,5,1,-1.4863034173810314,1,2,0,-0.270131400310233,2,1,1,1,1,1,1,2,1,1,1,-1.1653083070354178,-0.9658533655016719,-0.24831296685183657,-0.27330037394865414,-0.884832635609114,-1.0271127046885327,-1.510850637910629,0,-0.030432922848753218,1,1,2,2,1.5905829883125042,6927,1,0,427,1.4299671802309777,1.1826062409408646,-0.2116034077827876,-1.006200363522905
3516,4140,1,1,-0.6504085499394767,-1.0752414172472633,5,2,1.30905837314055,1,1,4,-1.0047956244259384,1,1,1,1,1,1,1,1,1,1,1,-1.481049737066981,-0.9517540009482012,-0.24831296685183657,-0.27330037394865414,-0.5788085197662808,-0.9255315927910851,0.5314611236964328,0,1.0442476791645727,1,1,1,1,-0.4868349044431689,4282,1,0,554,-1.8533900666737184,-0.9087330560449693,0.6286284122474757,0.8129379934922821
3775,2216,1,2,-0.31718476167849363,-0.9529936158621221,6,2,0.025962711071588852,2,2,1,0.07271190427709617,1,2,1,1,1,1,1,2,1,2,1,-0.31446824295036285,-0.7851432000980343,-0.24831296685183657,-0.27330037394865414,-0.6364981052910761,-0.8107986536033381,-0.09239073063552562,0,0.26808946659939287,1,1,2,2,2.629291934690341,6584,1,0,665,-0.44331308629371613,-1.0430141875663241,0.8493168719103428,-0.00032219153262267187
6906,2604,1,1,-0.6504085499394767,-1.1159906843756437,5,2,0.4007923721906244,1,1,4,-1.0047956244259384,1,1,1,1,1,1,1,1,3,1,1,-1.4727407520661506,-0.9591456865904745,-0.24831296685183657,-0.27330037394865414,-0.712673399527236,-0.9709347163028191,-0.8853081281468766,1,-1.642453825868742,2,1,1,2,0.5518740419346677,5733,1,0,633,1.3890329363391212,1.895732955012711,-0.9883618172169238,-1.026388846692816
4000,4643,1,2,1.682157967887405,-0.7492472802202199,6,2,1.1174356102886769,1,2,2,-0.07422094054604492,1,1,1,1,1,2,2,2,1,2,0,0.5363718211346925,-0.49759559624697147,-0.24831296685183657,-0.27330037394865414,-0.21972510454232966,-0.460208913596218,-1.5531170237054772,0,-0.806591135413933,1,1,2,2,0.5518740419346677,1647,1,0,548,-1.4424318023383702,-0.9614211860135935,0.7637608287889077,0.722302578417999
3657,1800,1,2,0.34926281484347255,1.451213144712323,6,2,-0.5728584228405147,2,2,2,1.7869284272137422,2,1,2,2,2,2,2,2,3,1,1,1.5617005702371902,2.3083765324930274,-0.24831296685183657,-0.27330037394865414,0.24850076978258578,1.897521398591764,0.47905080531082117,0,-0.3886597901865285,1,1,2,2,2.629291934690341,3840,1,0,471,-0.13361321474348645,-0.13956955838847693,0.6307938768218122,-0.9582113461518059
5299,809,1,1,-0.6504085499394767,-0.5455009445783178,6,2,-0.28412953016505715,1,1,4,-1.0047956244259384,1,1,1,1,1,1,1,1,2,1,1,-1.479387940066815,-0.8370173879935107,-0.24831296685183657,-0.27330037394865414,-0.4680714468148156,-0.8020586919433303,1.002308661451041,0,-0.09013740073838243,1,1,1,1,-0.4868349044431689,3346,1,0,968,-0.48532454713009515,-0.9956615439204592,1.1991751773842267,-0.635810253094145
5076,1211,1,2,0.34926281484347255,0.7584756035298558,2,2,0.4169767271612218,2,2,2,0.023734289336049142,1,2,2,1,2,2,2,1,2,2,0,1.397182667220744,1.4202710187572016,-0.24831296685183657,5.303678821433216,0.88625181434744,1.4323976721982625,0.20262864221251436,1,-0.9260000911931914,1,1,2,1,-0.4868349044431689,5181,1,0,415,-0.5074074944928072,-1.0340724277291744,1.3392642564604536,0.8096284060873787
2826,5517,1,1,-0.6504085499394767,0.5954785350163341,6,2,0.45970342428359895,1,2,1,1.7869284272137422,1,2,1,2,1,2,2,1,3,1,0,-0.03196275292212194,0.32076329565235867,-0.24831296685183657,2.9135448805552717,0.7839839127353029,0.5115847706760371,0.6286738110245835,0,-0.8662956133035622,1,1,2,2,2.629291934690341,5699,1,0,584,0.9974645770051785,0.5384645457856849,-0.11033254414693076,-0.5632830091066905
5407,138,1,2,-0.31718476167849363,1.3697146104555622,6,1,-1.4863034173810314,1,2,1,0.4155552088644254,2,2,2,2,2,1,1,2,3,2,0,-0.27126152094604356,0.6658336591135903,-0.24831296685183657,-0.27330037394865414,-0.884832635609114,0.2634627041724516,0.9296104778839023,1,-0.5080687459657869,1,1,2,1,-0.4868349044431689,1418,1,0,1095,-1.1429654917611047,-0.8278355472052795,0.5399854796470719,0.18194151483741441
4779,2995,1,1,-0.6504085499394767,-1.2789877528891656,6,2,0.3975555011965051,1,1,4,-1.0047956244259384,1,1,1,1,1,1,1,1,1,1,1,-1.4926823160681442,-0.9975603871970354,-0.24831296685183657,-0.27330037394865414,-0.8504598481649791,-1.0420341647909823,0.3716941853919069,1,0.9845432012749434,1,1,1,2,1.5905829883125042,4184,1,0,355,1.1558154678499917,0.8413137489495852,-0.6974593872400259,0.09712151763174735
876,5521,1,2,-0.31718476167849363,-0.09725900616613313,6,2,-1.18527441492792,1,2,1,0.4155552088644254,1,2,1,1,1,1,1,2,1,2,0,-0.4773243489666429,-0.332242485192654,-0.24831296685183657,-0.27330037394865414,-0.7200558710573337,-0.4772699889133579,0.33365443817654356,1,1.4621790243919772,1,2,2,1,-0.4868349044431689,4074,1,0,186,-0.9566069603587055,-0.893896013187668,0.9718635990618222,2.5143023187129785
1795,1613,1,2,2.015381756148388,0.47323073363119283,2,2,1.4184646127417884,1,2,0,-0.025243325604997886,2,2,2,1,1,1,1,1,2,2,1,-0.10840541492976351,0.19497225133414886,-0.24831296685183657,5.702034478246207,1.4471779071814859,0.6324957179062017,-1.9791621925175464,0,0.8054297676060558,1,1,2,1,-0.4868349044431689,6868,1,0,551,-1.4898293478973619,-0.9731489673302411,0.7849949148529353,-0.03767324938796101
4792,1782,1,1,-0.6504085499394767,0.31023366511767114,6,1,-1.4863034173810314,1,2,0,1.7869284272137422,2,2,1,2,1,1,1,2,2,1,1,-0.8146691400003658,-0.3161131651792158,-0.24831296685183657,-0.27330037394865414,-0.884832635609114,-0.5132036571600755,-0.09492671378321652,1,0.9248387233853143,1,1,1,2,2.629291934690341,4066,1,0,533,1.0610203767320083,1.2348159918214845,-1.8639503587259492,-1.005065647841224
844,4902,1,1,-0.6504085499394767,1.1252190076852797,2,2,1.7479780799431515,2,2,1,3.1583016455630593,2,1,2,2,2,2,2,2,3,2,0,0.6709773781481484,1.1934676255723433,-0.24831296685183657,-0.27330037394865414,2.6559188297702154,1.7270746942214912,-0.2504670135082577,1,-1.1051135248620791,2,1,1,2,0.5518740419346677,1641,1,0,505,0.024737676101326656,-0.6229361838266761,0.5442542068122709,-0.9157540677289023
159,1797,1,1,-0.6504085499394767,0.7584756035298558,2,1,-1.4863034173810314,1,2,1,1.0522642030980367,1,2,1,1,2,2,2,2,1,2,0,-0.5022513039691348,0.12045964711338161,-0.24831296685183657,-0.27330037394865414,-0.884832635609114,-0.16789838278923802,0.9532796539290173,0,-1.5230448700894836,2,1,2,1,-0.4868349044431689,3515,1,0,48,1.1396572136821537,1.1311681345671403,-0.6302473589200507,-0.1864155633283337
3856,3453,1,2,-0.31718476167849363,-0.8714950816053613,6,2,0.4260399659447564,1,1,4,-1.0047956244259384,1,1,1,1,1,1,1,1,1,1,2,-1.4893587220678117,-0.9115520569475385,-0.24831296685183657,-0.27330037394865414,-0.5010149877707235,-0.8707462740149337,1.2575976316519237,1,1.939814847509011,1,2,2,1,-0.4868349044431689,4853,1,0,855,-0.7347002697870627,-1.3530005960906133,1.1822599514273109,0.6033938309418271
125,5252,1,2,1.0157103913654388,0.8807234049149971,6,2,0.4338084563306432,2,2,0,2.717503111093636,2,2,2,2,2,2,2,2,3,1,1,0.8820255971692458,1.1847079264679177,-0.24831296685183657,-0.27330037394865414,1.0070172366253902,1.2329003684285307,1.273658858253966,0,-1.1648180027517083,2,1,2,1,-0.4868349044431689,1139,1,0,43,-0.15246451127263086,-0.4379326917813053,0.43589649480417514,-0.2805496850878003
6928,4565,1,2,0.34926281484347255,1.3289653433271817,2,2,0.2706701582270215,2,2,2,0.2686223640412843,2,2,1,1,2,1,1,2,3,2,1,0.9285559131738974,1.627502993539981,-0.24831296685183657,-0.27330037394865414,1.1989142485901374,1.6398321456224907,0.6802388016942983,1,1.4621790243919772,1,2,2,1,-0.4868349044431689,6658,1,0,712,-0.6022025856107905,-0.6276430127873865,1.1417901340672119,-1.0037890926993327
4956,4778,1,2,2.6818293326703544,1.5734609460974642,1,2,-0.43367297009337696,1,2,2,0.31759997898233133,1,2,2,1,1,2,1,2,3,1,1,0.8205391081630994,1.833521407993432,-0.24831296685183657,-0.27330037394865414,0.47881025761273716,1.5899927236802973,1.3556556466959715,0,1.6412924580608648,1,2,2,1,-0.4868349044431689,6902,1,0,652,-0.4977125419921043,-1.0728434123077728,1.1245184071900216,0.6623517665691776
6299,5358,1,1,-0.6504085499394767,-0.3417546089364157,6,2,0.7989275044673202,1,2,2,1.0032865881569897,1,1,1,1,1,2,2,2,1,2,1,0.5014740841312035,-0.12328946121555415,-0.24831296685183657,-0.27330037394865414,0.11587614523868686,-0.06498393808263596,0.6151485675702322,1,-1.403635914310225,2,1,1,1,-0.4868349044431689,6287,1,0,242,0.5493423280838027,0.645680600657487,-0.9964244011808567,-0.11171344761765702
6854,6406,1,2,1.0157103913654388,-0.38250387606479613,6,2,-1.248717086412662,1,2,1,2.3746598065063065,2,1,1,1,1,2,2,1,1,2,0,-0.15992112193491323,-0.3858597870157113,3.111573237793015,5.303678821433216,-0.7851279281122268,-0.4993083746646716,0.8273258242603698,1,-1.2842269585309667,2,1,2,1,-0.4868349044431689,6718,1,0,855,-0.737393312148369,-1.366020932589157,1.1870643583607392,1.3745749761043886
4165,2582,1,2,2.348605544409371,0.7992248706582362,6,2,0.3095126101564551,2,2,2,-0.12319855548709195,1,2,2,1,2,2,1,1,2,2,0,1.3872118852197473,1.4745723273113351,-0.24831296685183657,3.3119005373682624,0.8190181696285346,1.438027687436918,0.08343743427104261,0,1.4024745465023478,1,2,2,1,-0.4868349044431689,5458,1,0,472,-0.13307460627122517,-0.08122796785146603,-0.11338740424633846,-0.9612372546362891
4623,3239,1,2,2.6818293326703544,0.06573806234738856,6,2,-0.5819216616240491,2,2,2,1.346129892744319,1,2,1,1,1,2,2,2,1,1,1,0.8005975441611056,0.3176742329958862,-0.24831296685183657,-0.27330037394865414,-0.32378842323058643,0.15387461462002888,-0.32654650793898427,1,-1.1051135248620791,2,1,2,1,-0.4868349044431689,5546,1,0,864,0.8800479300522219,0.400479925693953,-0.9687124891500638,0.7068420772550932
5057,3813,1,1,-0.6504085499394767,-0.7899965473486004,6,2,0.5127881085871584,1,2,2,-0.8578627796027974,1,2,2,1,1,1,1,2,1,2,0,0.4998122871310375,-0.5767417944524473,-0.24831296685183657,-0.27330037394865414,-0.4106535362423278,-0.5792280640133937,0.5635835769005174,1,0.865134245495685,1,1,1,1,-0.4868349044431689,5352,1,0,704,-0.332898349480156,-0.9760629886334548,0.873035323762555,0.048801541520157754
2432,93,1,1,-0.6504085499394767,-1.2789877528891656,5,2,1.0908932681368975,1,2,2,0.12168951921814321,1,1,1,1,1,1,1,2,1,1,2,0.20401242110146783,-0.9750322945380471,-0.24831296685183657,-0.27330037394865414,-0.8378092449510037,-1.0204774542429755,0.28631608608631365,0,-0.20954635651764086,1,1,1,1,-0.4868349044431689,5112,1,0,635,-0.2504912532241818,-0.763344699314353,0.4170850367387505,0.512711136047474
2110,7031,1,1,-0.6504085499394767,1.2882160761988013,2,2,-0.0355378378166812,1,2,2,0.17066713415919024,1,2,1,2,2,2,2,2,1,2,1,1.1429277261953275,1.7169975516446396,-0.24831296685183657,-0.27330037394865414,0.8092851191632537,1.5954831229179938,0.16036225641766622,1,-0.9260000911931914,1,1,1,2,0.5518740419346677,1662,1,0,250,0.06998078777127326,0.18633176492637488,0.07491656752179505,-0.9538616027053615
331,4207,1,1,-0.6504085499394767,-1.2789877528891656,5,2,1.4003381351747197,1,2,2,1.0032865881569897,1,1,1,1,1,1,1,2,1,1,1,0.19404163910047073,-0.9751646829376103,-0.24831296685183657,-0.27330037394865414,-0.832163130724785,-1.0189137550322394,-0.897988043885331,1,-0.9857045690828207,1,1,1,1,-0.4868349044431689,6003,1,0,779,-0.925367668967552,-0.8625903347834126,0.9151655627265992,0.658002023122733
1624,2016,1,2,2.348605544409371,0.9622219391717579,6,2,0.3949660044012094,2,1,4,-1.0047956244259384,1,1,1,1,1,1,1,1,3,2,1,-1.3231790220511994,-0.3581023525739804,-0.24831296685183657,-0.27330037394865414,1.0373975834660478,0.021598924911834967,0.7123612548983829,0,-0.3886597901865285,1,1,2,2,1.5905829883125042,4661,1,0,353,-0.35067242906477786,-0.9297177360052572,0.8549345465681523,-0.04646729592099004
1656,3377,1,1,-0.6504085499394767,-0.09725900616613313,6,2,0.583351896258963,2,2,2,-0.9068403945438445,1,1,1,2,1,2,2,2,1,2,1,0.8354952811645946,0.19539148126609882,-0.24831296685183657,-0.27330037394865414,0.2480519155135557,0.2261328759161481,-0.9867474540545121,1,0.9248387233853143,1,1,1,1,-0.4868349044431689,6773,1,0,917,-1.1111875918976897,-0.8305802522859836,0.6148460309662793,0.3426456232555094
790,2759,1,2,-0.31718476167849363,0.8399741377866167,2,2,-0.465394305835748,1,2,2,-0.5639970899565152,1,2,1,1,2,2,2,2,2,2,0,0.9800716201790471,1.1418802792092533,-0.24831296685183657,-0.27330037394865414,0.10242232912223687,0.9317207311606562,0.8569122943167635,1,0.08897603293050521,1,1,2,1,-0.4868349044431689,5039,1,0,547,0.9958487515883947,0.7743463475073852,-0.14943020431908122,-1.0144743320351637
6141,2037,1,2,1.3489341796264218,0.31023366511767114,2,2,-0.7418230887335514,2,2,2,0.07271190427709617,2,2,1,2,2,2,2,2,1,2,1,1.506861269231708,0.9658699019901062,-0.24831296685183657,-0.27330037394865414,-0.3414827309939246,0.6613334029041992,-1.7898087841566268,1,0.7457252897164266,1,1,2,2,2.629291934690341,316,1,0,1029,0.594046831281488,0.7954890019336534,-1.1674032637725293,0.9488674761936716
6450,4321,1,2,1.3489341796264218,1.2882160761988013,6,2,-0.24140283304268,2,1,4,-1.0047956244259384,1,1,1,1,1,1,1,1,2,1,1,-1.3248408190513656,-0.3022344479583503,-0.24831296685183657,-0.27330037394865414,0.568888222234377,-0.07265583733531043,0.5390690731395055,0,0.20838498870976363,1,1,2,2,0.5518740419346677,5659,1,0,864,0.8800479300522219,0.400479925693953,-0.9687124891500638,0.7068420772550932
1866,6511,1,1,-0.6504085499394767,-1.238238485760785,6,2,-0.8958981480536387,1,2,2,1.49306273756746,1,1,1,1,1,1,1,2,1,2,0,0.19736523310080326,-0.9393977503223114,-0.24831296685183657,-0.27330037394865414,-0.8632876306956768,-0.9998212669011519,-1.4364617989116963,0,-1.642453825868742,2,1,1,2,1.5905829883125042,635,1,0,554,-1.8749344055641692,-0.8660945324890155,0.6727393666110298,0.987164130450411
1370,7026,1,1,-0.6504085499394767,-1.0752414172472633,5,2,0.5218513473706929,1,1,4,-1.0047956244259384,1,1,1,1,1,1,1,1,1,1,1,-1.4976677070686424,-0.9491503624234601,-0.24831296685183657,-0.27330037394865414,-0.6649885394200291,-0.948938215351793,0.8340884459875455,0,0.20838498870976363,1,1,1,1,-0.4868349044431689,5484,1,0,581,-0.5214113147716002,-0.9353432472450462,1.1508066365092304,-0.999250229972608
3613,1,1,1,-0.6504085499394767,-0.9529936158621221,6,2,-0.794260398838287,2,2,0,-0.5150194750154682,1,1,1,1,1,2,2,1,1,1,1,-0.1615829189350795,-0.7669618598913679,4.60232500768817,0.1250552828643366,-0.7711898218634022,-0.8461075402457662,0.8569122943167635,1,-0.030432922848753218,1,1,1,1,-0.4868349044431689,4961,1,0,368,-1.2280656303783852,-0.8242782862816186,0.7208071098345361,0.4329500795893021
5397,3429,1,2,-0.31718476167849363,1.0437204734285188,2,1,-1.4863034173810314,1,2,0,-0.46604186007442117,1,1,2,2,2,2,2,2,3,2,1,-0.3078210549496983,0.3912159889531908,-0.24831296685183657,-0.27330037394865414,-0.884832635609114,0.046255110681122265,-0.27075487868978476,0,0.6860208118267973,1,1,2,1,-0.4868349044431689,6689,1,0,1026,1.1854389338243614,0.8650836402639037,-1.0042683498147738,1.9392851470210484
2834,1781,1,1,-0.6504085499394767,-0.8307458144769808,4,2,-1.061625942952556,1,2,1,-0.17217617042813899,1,1,1,1,1,1,1,2,1,1,0,-0.6966815529885713,-0.767601737155923,-0.24831296685183657,-0.27330037394865414,-0.7918489301932276,-0.8428300546232631,1.1037479873586766,0,0.44720290026828047,1,1,1,1,-0.4868349044431689,3960,1,0,780,0.5821974448917401,1.0026328179173598,-1.2285055718936893,-1.0234102180284028
1917,2280,1,1,-0.6504085499394767,1.6142102132258447,6,2,0.11076873111751934,2,2,2,0.2686223640412843,2,2,2,2,2,2,1,2,3,1,0,1.6298342472440013,2.4559895980058886,-0.24831296685183657,-0.27330037394865414,1.2132539612901994,2.2993571917507354,0.16712487814484192,1,1.700996935950494,1,2,1,1,-0.4868349044431689,5399,1,0,510,-0.7788661645124868,-1.3316768786225714,1.3229107051305378,0.952082503958435
5276,4963,1,2,1.0157103913654388,0.2694843979892907,3,2,1.1193777328851489,1,2,2,-0.07422094054604492,1,2,1,1,2,1,1,2,1,2,1,0.7158458971526335,0.4349482902755363,-0.24831296685183657,-0.27330037394865414,0.9693489138902197,0.6287505186804876,-0.87600952327201,1,-1.0454090469724497,2,1,2,1,-0.4868349044431689,5242,1,0,436,-0.4513922133776352,-1.0198652574221214,0.8079242370639084,0.9703325145054736
7001,2159,1,2,-0.31718476167849363,1.4104638775839426,1,2,0.35223930727883224,2,2,0,-0.5150194750154682,1,2,2,1,1,1,1,2,2,1,0,0.7524054311562884,1.6056147781455479,-0.24831296685183657,-0.27330037394865414,1.3627460567860648,1.6709316098360172,0.017501872431079524,1,-0.7468866575243038,1,1,2,1,-0.4868349044431689,2716,1,0,855,-0.7303914020089726,-1.312508499958309,1.1856170017599248,0.28657175665243184
1014,697,1,2,-0.31718476167849363,-0.09725900616613313,3,2,1.6223874853713158,2,2,2,0.17066713415919024,1,1,1,2,2,2,1,2,1,2,0,1.221032185203135,0.28122329364951154,-0.24831296685183657,-0.27330037394865414,0.8167975221922813,0.4620839175361685,0.36155025280114333,1,1.939814847509011,1,2,2,1,-0.4868349044431689,1509,1,0,120,-1.0675603056445269,-0.8038088461180626,0.6679901987524874,0.17692985390998928
4654,2861,1,1,-0.6504085499394767,1.6142102132258447,6,1,-1.4863034173810314,1,2,0,-0.5150194750154682,2,2,2,2,2,2,2,2,3,2,0,0.02620014208369237,1.1151819519640274,-0.24831296685183657,-0.27330037394865414,-0.884832635609114,0.6188726866126673,-0.1135239235329497,1,-0.09013740073838243,1,1,1,1,-0.4868349044431689,2406,1,0,858,0.3392850239019078,0.62661389273928,-1.2672866518215251,0.984327341246208
2663,5971,1,1,-0.6504085499394767,1.4919624118407036,6,2,1.584192407640706,2,2,1,0.07271190427709617,2,2,2,2,2,2,2,2,3,1,1,0.8604222361670865,1.7835889166248813,-0.24831296685183657,-0.27330037394865414,2.980830260775651,2.2898388708853834,1.7639489334742045,1,-0.26925083440727005,1,1,1,1,-0.4868349044431689,1820,1,0,691,0.6015873498931458,0.624468275441098,-1.1228471474525374,0.4374416624959567
4637,5936,1,1,-0.6504085499394767,-1.2789877528891656,6,2,-0.5786847906299297,2,2,2,-0.9068403945438445,1,1,1,1,1,1,1,2,1,2,0,0.31867641411292996,-0.9735098279430714,-0.24831296685183657,-0.27330037394865414,-0.8682722754727988,-1.028275007896513,-1.3409397670153396,1,-0.8662956133035622,1,1,1,1,-0.4868349044431689,3055,1,0,851,-0.5795810297758173,-0.8467969388128378,1.1415134744988775,1.0598332138980755
7009,4248,1,2,1.3489341796264218,-0.3417546089364157,6,1,-1.4863034173810314,1,2,1,0.31759997898233133,2,2,2,1,2,2,2,2,2,1,0,-0.23802558094272108,-0.4027393079600071,-0.24831296685183657,-0.27330037394865414,-0.884832635609114,-0.5817202096305045,1.0335857869392286,0,-0.26925083440727005,1,1,2,1,-0.4868349044431689,5509,1,0,1083,1.080410281733414,0.943732240808424,-1.4173512579508358,0.07381256633721342
3554,3940,1,1,-0.6504085499394767,0.35098293224605154,2,2,-0.4841681576016409,1,1,4,-1.0047956244259384,1,1,1,1,1,1,1,1,1,1,0,-1.4727407520661506,-0.6640519439643148,-0.24831296685183657,-0.27330037394865414,-0.13515151069353046,-0.5668755383285822,-1.3198065741179155,0,0.32779394448902205,1,1,1,1,-0.4868349044431689,6585,1,0,688,-0.24995264475192056,-0.7262413580086647,0.21100661609256935,-0.7393057792274812
2261,6556,1,1,-0.6504085499394767,-0.26025607467965484,3,2,0.5678149154871897,1,1,4,-1.0047956244259384,1,1,1,1,1,1,1,1,1,1,1,-1.4577845790646555,-0.7775970613229374,-0.24831296685183657,-0.27330037394865414,0.08962998245488368,-0.5902612184891464,1.2635149256632026,1,-0.9260000911931914,1,1,1,1,-0.4868349044431689,748,1,0,183,1.364795555087364,1.6388996884748488,-0.6489659782041499,-0.9208130084763976
3664,1716,1,1,-0.6504085499394767,-0.8714950816053613,6,2,-1.4209186232998179,1,2,2,-0.6129747048975622,1,1,1,1,1,1,1,2,1,1,0,0.18074726309914202,-0.6709140760083357,-0.24831296685183657,-0.27330037394865414,-0.8717095542172123,-0.7899539846602205,-1.576786199750592,1,0.26808946659939287,1,1,1,1,-0.4868349044431689,6234,1,0,854,-0.4379270015711035,-1.103777648185613,1.0084197975952804,-0.32352704153147444
4381,4768,1,1,-0.6504085499394767,0.14723659660414942,6,2,0.30821786175880733,1,2,2,0.17066713415919024,1,1,2,2,1,2,2,2,1,2,0,0.7573908221567865,0.3520290226825118,-0.24831296685183657,-0.27330037394865414,0.2939059226812985,0.36357435765981,-1.557343662284962,0,-0.26925083440727005,1,1,1,1,-0.4868349044431689,2044,1,0,1006,0.09798842832885925,0.17750099227814267,-0.24693274182106922,-0.9933402524638519
2640,855,1,1,-0.6504085499394767,-1.2789877528891656,5,2,1.1569254364169346,1,1,4,-1.0047956244259384,1,1,1,1,1,1,1,1,1,2,1,-1.4843733310673135,-0.9974500635307328,-0.24831296685183657,-0.27330037394865414,-0.8366044255972918,-1.0378526655622724,0.45030966297032443,1,0.9845432012749434,1,1,1,1,-0.4868349044431689,6707,1,0,855,-0.7320072274257563,-1.2880739006986759,1.2246492105912434,-0.09899517601881395
1428,567,1,1,-0.6504085499394767,1.5734609460974642,6,2,1.2274892240887394,2,2,2,1.5910179674495541,1,2,2,2,2,2,2,2,3,2,0,1.5450826002355291,2.51704271493774,-0.24831296685183657,-0.27330037394865414,2.6307829907045392,2.7665228021582555,-0.03321779052273824,0,-1.0454090469724497,2,1,1,1,-0.4868349044431689,5476,1,0,858,0.33443754765155637,0.6365261828853669,-1.224932207200593,-0.22542141488612374
3312,3323,1,2,2.348605544409371,-1.0344921501188828,6,2,1.1018986295169033,1,1,4,-1.0047956244259384,1,1,1,1,1,1,1,1,1,1,1,-1.479387940066815,-0.9426192013783471,-0.24831296685183657,-0.27330037394865414,-0.554263278423012,-0.9110534134916791,0.46806154500416064,1,-0.9260000911931914,1,1,2,2,0.5518740419346677,1368,1,0,112,1.0987229697902972,1.6911681734517954,-1.749520062031572,-1.0139069741943232
5992,980,1,2,0.6824866031044556,-0.015760471909372284,6,2,1.3045267537487828,2,2,2,-0.12319855548709195,1,1,1,2,1,1,1,2,2,2,0,0.4815325201292102,0.1494968360842226,1.8979646237612213,-0.27330037394865414,0.7446501044229425,0.330656395033798,-1.4077206565711995,1,1.0442476791645727,1,1,2,1,-0.4868349044431689,6298,1,0,841,1.2635371623022456,0.9107771469542562,-0.8077769259218274,-0.618269439848157
2960,949,1,1,-0.6504085499394767,-1.1567399515040242,5,2,1.7181988667972523,2,2,2,0.12168951921814321,1,1,1,1,2,2,2,2,1,2,0,0.9817334171792131,-0.8190125656529285,-0.24831296685183657,-0.27330037394865414,-0.6509559375356194,-0.841859723416601,0.8611389328962483,0,1.103952157054202,1,2,1,1,-0.4868349044431689,6996,1,0,880,0.5908151804479205,0.635584412030492,-1.030557043327888,1.0372334599045923
5050,1120,1,2,0.34926281484347255,1.5734609460974642,1,2,0.92516547323798,2,1,4,-1.0047956244259384,1,1,1,1,1,1,1,1,3,1,1,-1.3065610520495383,-0.2165570887077612,-0.24831296685183657,-0.27330037394865414,2.239134017067021,0.48866331371866034,0.7952033710562852,1,1.99951932539864,1,2,2,1,-0.4868349044431689,1125,1,0,7,0.5466492857224964,0.6388561037271923,-1.1687243596307475,1.721703415058685
5790,525,1,2,2.015381756148388,-0.6677487459634591,4,2,1.5207497361559643,2,2,2,-0.41706424513337415,2,1,2,2,2,2,2,2,1,2,0,1.6015836982411773,-0.1755608143097199,-0.24831296685183657,-0.27330037394865414,-0.006968181022138419,-0.14262788661573284,-1.4516776977978416,0,0.14868051082013442,1,1,2,2,0.5518740419346677,111,1,0,81,-0.6307488346406378,-0.7920583812883508,1.3269742585890114,-0.7892332692214524
5434,1169,1,1,-0.6504085499394767,-1.1159906843756437,6,2,1.4734914196418196,1,2,2,-0.7109299347796563,1,1,1,1,2,2,1,2,1,2,0,0.8222009051632655,-0.7955136247304775,-0.24831296685183657,-0.27330037394865414,-0.6148113569242611,-0.812592719215656,-1.422091227741448,1,1.2233611128334603,1,2,1,1,-0.4868349044431689,4262,1,0,556,0.8326503844932303,0.4194745324456398,-1.016929702811504,0.10889419282918944
3125,2602,1,1,-0.6504085499394767,1.1252190076852797,6,2,-0.8356923475630162,2,2,2,1.346129892744319,1,1,2,1,2,2,2,2,3,1,1,1.2093996062019723,1.6711911653958054,-0.24831296685183657,-0.27330037394865414,-0.17257178238528967,1.2691167590771892,0.7613902624204066,1,-1.1648180027517083,2,1,2,1,-0.4868349044431689,5198,1,0,864,0.8886656656084022,0.43482803028787265,-0.9721902298983953,0.6999392235248661
4730,6168,1,1,-0.6504085499394767,-0.9529936158621221,5,2,1.4806125358288824,1,1,4,-1.0047956244259384,1,1,1,1,1,1,1,1,1,1,1,-1.4744025490663168,-0.9250777384362358,-0.24831296685183657,-0.27330037394865414,-0.3976249504860115,-0.850892878678622,-0.17354219136163404,1,-0.7468866575243038,1,1,1,2,1.5905829883125042,2959,1,0,337,1.1552768593777303,1.1481183897039624,-0.4894726654437615,-0.7766095572627495
1066,4909,1,1,-0.6504085499394767,0.14723659660414942,6,2,-0.6220588619511307,2,2,2,-0.6619523198386092,1,2,1,1,2,2,2,1,1,2,0,1.1429277261953275,0.5892249052330739,-0.24831296685183657,0.921766596490318,-0.3171501048307227,0.3810891849800653,-0.17945948537291279,0,0.44720290026828047,1,1,1,1,-0.4868349044431689,5794,1,0,892,-1.6611068420764454,-0.8755859624552254,0.581716511851429,-0.5026229999568183
1908,480,1,2,1.3489341796264218,0.676977069273095,2,2,-0.9567513227430848,2,2,2,1.5910179674495541,1,1,1,1,2,2,2,2,1,2,0,1.0182929511828682,1.029791434245825,-0.24831296685183657,-0.27330037394865414,-0.41138587741811355,0.6912356599095053,1.4672389051943706,0,0.5666118560475389,1,1,2,2,5.74541877382385,3821,1,0,490,-0.8321884032663524,-1.392657452866897,1.280907655296907,1.0643720766248002
3233,6387,1,2,2.015381756148388,1.3289653433271817,2,2,-0.495820893180471,2,2,2,0.4155552088644254,2,2,2,1,2,2,1,2,2,2,1,1.4835961112293827,2.18311504177307,-0.24831296685183657,-0.27330037394865414,0.2898662342600291,1.810669774795448,0.04370703162388537,0,1.2830655907230895,1,2,2,1,-0.4868349044431689,6294,1,0,778,1.206444664242551,1.0274226571940774,-0.32341890020122827,-0.6412474324022006
1994,5336,1,1,-0.6504085499394767,-1.2789877528891656,6,1,-1.4863034173810314,1,2,0,1.5420403525085071,1,1,1,1,1,1,1,2,1,2,1,-1.3165318340505352,-0.9952215254714205,-0.24831296685183657,-0.27330037394865414,-0.884832635609114,-1.0503413168480182,-0.7500556936033625,0,-1.642453825868742,2,1,1,1,-0.4868349044431689,3028,1,0,749,1.1159584409026577,1.65137886116173,-2.0676210055785478,-1.0325825031219922
3879,757,1,2,2.348605544409371,-1.2789877528891656,6,2,0.4616455468800707,1,1,4,-1.0047956244259384,1,1,1,1,1,1,1,1,3,1,1,-1.4760643460664828,-0.9973397398644303,-0.24831296685183657,-0.27330037394865414,-0.8492904646746117,-1.0415140951874113,0.368312874528319,0,0.9248387233853143,1,1,2,2,2.629291934690341,6777,1,0,74,0.6586798479528403,0.680950628032352,-1.1648511256739855,-0.5670181148922244
394,3054,1,1,-0.6504085499394767,0.9622219391717579,2,2,-0.29384014314741547,1,2,1,-0.36808663019232707,1,2,1,2,2,2,2,1,2,2,0,0.3652067301175816,0.8844731009920572,-0.24831296685183657,3.3119005373682624,0.33359408962710363,0.8278499168474878,1.7639489334742045,1,0.865134245495685,1,1,1,1,-0.4868349044431689,3284,1,0,691,0.6032031753099296,0.6460889038926353,-1.1547428391636163,0.9331232961103455
3315,1654,1,2,-0.31718476167849363,0.35098293224605154,2,2,1.4294699741217947,2,2,0,0.4155552088644254,1,2,2,2,2,2,1,2,2,2,0,1.5683477582378549,0.9949070909609469,-0.24831296685183657,-0.27330037394865414,1.2964101206052192,1.1682930639849418,-0.582680805855764,1,1.163656634943831,1,2,2,1,-0.4868349044431689,6131,1,0,884,-0.42069153045874286,-0.9848901157170851,0.9144251734455566,1.0390773728873242
6004,5773,1,2,-0.31718476167849363,-1.1567399515040242,6,2,0.9238707248403321,1,2,2,0.12168951921814321,1,1,1,1,1,1,1,2,1,2,1,0.15914390209698223,-0.8805952361830326,-0.24831296685183657,-0.27330037394865414,-0.7089290099671706,-0.9076991390686491,-0.5852167890034549,1,-0.26925083440727005,1,1,2,2,0.5518740419346677,611,1,0,1029,0.594046831281488,0.7954890019336534,-1.1674032637725293,0.9488674761936716
4486,952,1,1,-0.6504085499394767,-1.0344921501188828,5,2,1.6353349693477937,1,1,4,-1.0047956244259384,1,1,1,1,1,1,1,1,1,1,2,-1.4860351280674797,-0.9335726607415349,-0.24831296685183657,-0.27330037394865414,-0.4861319251660466,-0.8837654661043224,1.0099166108941138,0,0.9248387233853143,1,1,1,1,-0.4868349044431689,5445,1,0,548,-1.4413545853938476,-0.9630936900393049,0.7121977054486169,0.6390428152746436
5860,627,1,1,-0.6504085499394767,-1.1974892186324047,5,2,1.514923368366549,1,2,2,-0.8088851646617503,1,2,1,1,2,1,1,2,1,1,0,0.6310942501441613,-0.8972099803282022,-0.24831296685183657,-0.27330037394865414,-0.7205519731441562,-0.9242750487824578,0.3818381179826704,0,0.5069073781579098,1,1,1,1,-0.4868349044431689,3099,1,0,1065,-1.1445813171778885,-0.8370470788227946,0.4001401023718141,-0.16097902013064758
4977,1373,1,1,-0.6504085499394767,0.6362278021447145,6,2,-0.806560508615941,2,2,2,-0.41706424513337415,1,1,2,2,2,2,2,2,1,2,0,1.2991366442109427,1.1763453925621816,-0.24831296685183657,-0.27330037394865414,-0.2895101314220369,0.8431657921526453,-0.0814014703288651,0,-0.6871821796346745,1,1,1,1,-0.4868349044431689,1964,1,0,286,-0.6695286446434492,-1.3881750286604237,1.9252598590031367,1.0199290457589545
5592,3423,1,2,1.0157103913654388,0.31023366511767114,6,2,-0.5534371968757977,1,2,2,0.07271190427709617,1,1,2,1,2,1,1,2,2,2,0,0.6743009721484804,0.474510357011644,4.579546118165154,-0.27330037394865414,-0.20399158121738542,0.3000071924233631,1.271122875106275,1,0.5666118560475389,1,1,2,2,0.5518740419346677,2988,1,0,715,-0.24295073461252406,-0.8153567795811334,0.24695936254742598,0.1504531546707621
72,3407,1,1,-0.6504085499394767,0.5547292678879536,6,2,-1.086226162507864,2,2,0,-0.6129747048975622,1,1,1,1,2,2,2,1,1,1,0,1.0398963121850275,0.9351557932914659,-0.24831296685183657,2.9135448805552717,-0.5490423945569269,0.6036301097080129,-1.4271631940368297,0,0.6263163339371681,1,1,1,1,-0.4868349044431689,2730,1,0,554,-1.8700869293138178,-0.8726310298159503,0.6984756693752794,-0.8801523632161558
6561,6591,1,1,-0.6504085499394767,-0.8307458144769808,4,2,-0.9153193740183555,1,1,4,-1.0047956244259384,1,1,1,1,1,1,1,1,1,1,1,-1.4843733310673135,-0.907646599160427,-0.24831296685183657,-0.27330037394865414,-0.7598149097298277,-0.9441319345187935,0.6582602810809772,0,-1.2842269585309667,2,1,1,1,-0.4868349044431689,4903,1,0,554,-1.8420792887562318,-0.8892855891574766,0.6155339663358753,1.5632687380039523
2569,1342,1,2,-0.31718476167849363,1.5327116789690838,1,2,-0.2776557881768181,2,2,1,0.023734289336049142,2,2,2,2,2,2,2,2,3,2,0,0.9119379431722362,1.8508201588696778,-0.24831296685183657,-0.27330037394865414,0.6588716912204317,1.6568827497395588,0.730113136932219,0,1.2233611128334603,1,2,2,1,-0.4868349044431689,4809,1,0,602,0.2902716529261323,0.5071775002671595,-1.1266349697304876,0.800077882433229
5129,2133,1,1,-0.6504085499394767,-1.2789877528891656,5,2,-0.6440695847111432,1,2,0,-0.8088851646617503,1,1,1,1,1,2,2,2,1,2,0,-0.3111446489500306,-0.9818723618488074,-0.24831296685183657,-0.27330037394865414,-0.8694652828720626,-1.0352418463443467,-1.7805101792817601,0,-0.5677732238554162,1,1,1,1,-0.4868349044431689,3743,1,0,864,0.8881270571361409,0.44126123661781996,-0.9131591549885435,-0.2998398516763801
691,2358,1,2,0.6824866031044556,0.7992248706582362,6,2,1.738914841159617,1,2,2,1.49306273756746,2,2,2,2,2,2,2,2,3,2,0,1.3805646972190828,1.4150637417077194,-0.24831296685183657,-0.27330037394865414,2.175219531548047,1.7602998120496116,0.4807414607426151,1,-1.2245224806413375,2,1,2,1,-0.4868349044431689,2405,1,0,968,-0.48532454713009515,-0.9956615439204592,1.1991751773842267,-0.635810253094145
4371,5504,1,1,-0.6504085499394767,-0.8307458144769808,6,1,-1.4863034173810314,1,2,0,0.17066713415919024,1,2,2,2,2,2,2,2,2,1,0,-0.13665596393258767,-0.6783057616506091,4.865547731065242,-0.27330037394865414,-0.884832635609114,-0.8137829456238281,-0.558166302094752,0,0.9248387233853143,1,1,1,1,-0.4868349044431689,4279,1,0,1105,-0.6474456972807371,-0.8254857782895247,1.546090493490191,-0.0781920551879926
3514,6089,1,1,-0.6504085499394767,0.47323073363119283,2,1,-1.4863034173810314,1,2,0,-0.8088851646617503,1,2,2,1,2,2,2,2,2,2,1,-0.35933676195484804,0.041931261439200236,-0.24831296685183657,-0.27330037394865414,-0.884832635609114,-0.23001005121569154,-1.1405970983477594,1,-0.5080687459657869,1,1,1,1,-0.4868349044431689,6690,1,0,841,1.266768813135813,0.9918532884593204,-0.7825145651362253,0.6030155923812667
61,6000,1,2,2.6818293326703544,1.4104638775839426,6,2,-0.7541231985112055,2,2,2,1.7869284272137422,2,1,1,2,2,2,2,2,3,1,0,1.3240635992134344,2.032324654670694,-0.24831296685183657,-0.27330037394865414,0.01024183660882522,1.608774566209252,0.2896973969499015,1,-0.8662956133035622,1,1,2,2,2.629291934690341,6732,1,0,254,-0.8456536150728842,-1.330546348533987,1.4488868968640642,-0.9717333746918398
360,6874,1,2,0.34926281484347255,-0.6269994788350787,4,2,-1.3801340487739127,1,1,4,-1.0047956244259384,1,1,1,1,1,1,1,1,2,1,2,-1.5093002860698053,-0.870842624081884,1.0893140456941552,-0.27330037394865414,-0.8519009066076542,-0.9459225097310875,-1.872650900314529,0,-0.806591135413933,1,1,2,1,-0.4868349044431689,2407,1,0,731,1.3373265230020392,1.417438120057904,-0.8762566678007568,0.2921034956006275
6485,3975,1,2,1.3489341796264218,-1.238238485760785,5,2,0.3975555011965051,1,2,2,-0.07422094054604492,1,1,1,1,1,1,1,2,1,1,1,0.1724382780983114,-0.9428177839776917,-0.24831296685183657,-0.27330037394865414,-0.8160870607208442,-0.9885786884239612,0.5153998970943905,1,0.08897603293050521,1,1,2,2,1.5905829883125042,1322,1,0,1037,-0.2596475972526234,-0.7772172878037155,0.2733571416285956,0.24780230419499202
2933,6108,1,2,0.6824866031044556,1.0029712063001384,2,2,1.7473307057443277,2,2,2,0.07271190427709617,1,1,1,1,1,1,1,1,1,2,0,0.3170146171127639,0.7669563316465416,-0.24831296685183657,2.515189223742281,2.478207975097704,1.3616472637124963,-0.22595250974724573,1,0.7457252897164266,1,1,2,2,1.5905829883125042,2458,1,0,429,1.1595857271558205,0.8821740471064409,-0.812920194407084,-1.0366958474680865
5921,3370,1,2,-0.31718476167849363,0.06573806234738856,3,2,1.3971012641806,1,1,4,-1.0047956244259384,1,1,1,1,1,1,1,1,1,1,1,-1.461108173064988,-0.7257008086942004,5.581817257177855,-0.27330037394865414,0.9039224982018819,-0.324673190265641,0.4942667041969665,1,-0.14984187862801165,1,1,2,2,0.5518740419346677,4441,1,0,704,-0.332898349480156,-0.9760629886334548,0.873035323762555,0.048801541520157754
6732,5016,1,1,-0.6504085499394767,-0.6269994788350787,6,2,-0.6647855590735079,1,2,0,0.07271190427709617,2,2,1,2,2,2,2,2,2,1,1,0.5014740841312035,-0.39408993252188435,-0.24831296685183657,-0.27330037394865414,-0.6300133422990383,-0.49958062586654095,0.9921647288602775,0,-0.09013740073838243,1,1,1,1,-0.4868349044431689,2256,1,0,74,0.6549095886470114,0.675869116043357,-1.174199062565319,-0.3074046228875879
1633,2709,1,1,-0.6504085499394767,-0.38250387606479613,6,2,0.3781342752317882,2,2,0,-0.36808663019232707,1,1,1,1,1,1,1,2,1,2,0,0.3386179781149237,-0.2515076261924208,-0.24831296685183657,-0.27330037394865414,-0.10240877296324132,-0.23090010322180263,1.2652055810949965,1,0.08897603293050521,1,1,1,1,-0.4868349044431689,3718,1,0,855,-0.737393312148369,-1.366020932589157,1.1870643583607392,1.3745749761043886
2920,86,1,1,-0.6504085499394767,-1.2789877528891656,5,2,-1.4066763909256923,2,2,2,2.3746598065063065,1,2,1,1,1,1,1,2,1,2,2,0.5131066631323666,-0.9709282541515909,-0.24831296685183657,-0.27330037394865414,-0.8833797652119907,-1.0306973455131445,-1.1363704597682744,0,-1.2842269585309667,2,1,1,1,-0.4868349044431689,631,1,0,314,0.563884756834857,0.8464519697212373,-1.0539180658720082,2.6260718133585734
826,2,1,1,-0.6504085499394767,-1.1567399515040242,5,2,0.6921107616613775,1,2,2,0.4645328238054724,1,1,2,1,1,1,1,2,1,2,0,0.30372024111143525,-0.8823824795771346,-0.24831296685183657,-0.27330037394865414,-0.7258437287369303,-0.9141110039126723,0.06653087995310336,1,0.20838498870976363,1,1,1,1,-0.4868349044431689,4854,1,0,222,-0.4627029912951218,-1.0336321245381002,0.8513644312324073,1.8878447027848355
1639,224,1,2,1.3489341796264218,0.5547292678879536,6,2,-1.3568285776162523,2,2,2,1.346129892744319,1,2,2,2,2,2,2,2,3,2,1,1.4669781412277214,1.1358566070291323,-0.24831296685183657,-0.27330037394865414,-0.776162654686076,0.6673368909454186,0.6075406181271594,0,-1.0454090469724497,2,1,2,1,-0.4868349044431689,1266,1,0,450,1.1601243356280817,0.8670064730587832,-0.5558807099174775,-0.5856936438198935
3075,2155,1,1,-0.6504085499394767,1.1659682748136602,6,2,-0.9800567939007451,2,2,2,-0.46604186007442117,2,1,2,2,2,2,2,2,3,2,1,1.5567151792366918,2.028044096418154,-0.24831296685183657,-0.27330037394865414,-0.32137878452316254,1.5073958975131945,0.08005612340745476,1,-0.14984187862801165,1,1,1,1,-0.4868349044431689,1072,1,0,735,-1.281387869132251,-0.8256992463499624,0.774893127057262,0.4836340467043941
6867,789,1,2,-0.31718476167849363,1.4104638775839426,6,2,0.5950046318377932,2,2,2,0.36657759392337835,2,1,2,2,2,2,2,2,3,2,1,1.461992750227223,2.1516727968768325,-0.24831296685183657,-0.27330037394865414,1.6595214122959916,2.190530009403537,0.9431357213382536,0,0.7457252897164266,1,1,2,1,-0.4868349044431689,1738,1,0,108,-0.6781463801996295,-1.2792386723603801,2.118964726874692,0.059297661575708524
2122,4424,1,1,-0.6504085499394767,-1.1159906843756437,5,1,-1.4863034173810314,1,2,1,0.2686223640412843,1,2,1,1,1,1,1,2,1,1,0,-1.2068532320395708,-0.9484884204256446,-0.24831296685183657,-0.27330037394865414,-0.884832635609114,-1.0133779805942311,-0.2546936520877425,0,1.8204058917297523,1,2,1,1,-0.4868349044431689,6455,1,0,830,-0.5262587910219516,-0.8883332866715371,1.0717400242022233,1.9790947555200291
6320,175,1,2,0.01603902658248947,1.2474668090704208,2,2,0.9970240093074324,1,1,4,-1.0047956244259384,1,1,1,1,1,1,1,1,3,2,0,-1.4893587220678117,-0.4614094336997229,-0.24831296685183657,-0.27330037394865414,1.9697387719679202,0.2153929150424083,0.6345911050358622,1,0.5666118560475389,1,1,2,1,-0.4868349044431689,2655,1,0,747,0.3091229494552767,0.41648354922310177,-1.1794467746795632,-0.9496064188990571
4388,5385,1,2,-0.31718476167849363,-1.238238485760785,5,2,-0.1591863097920453,1,2,2,1.49306273756746,1,1,2,1,1,1,1,2,1,1,0,0.3868100911197414,-0.9393315561225298,-0.24831296685183657,-0.27330037394865414,-0.8364036223716731,-0.9918247604462485,-0.050969672556574454,1,-1.642453825868742,2,1,2,1,-0.4868349044431689,3419,1,0,586,0.7830984050451935,0.7825217286531706,-1.4288498052115053,-1.027570842194567
2647,6602,1,2,1.682157967887405,1.6142102132258447,1,2,-0.36764080181333963,2,2,1,-0.46604186007442117,2,2,2,1,2,2,2,2,3,2,1,0.5945347161405068,1.6058574902114136,-0.24831296685183657,-0.27330037394865414,0.5847634890126991,1.4412318746589177,-0.06449491601092586,0,0.3874984223786513,1,1,2,1,-0.4868349044431689,5269,1,0,420,-0.6145905804727997,-0.7437226503888171,1.122966142766314,2.1926104229563683
6911,4260,1,2,-0.31718476167849363,1.1659682748136602,2,2,0.14119531846224237,2,2,2,-0.36808663019232707,1,2,1,2,1,2,2,2,3,2,0,0.9833952141793793,1.5103833893931546,3.53298269396881,-0.27330037394865414,0.9265778268334457,1.4562929507623257,0.233060439984805,0,0.5069073781579098,1,1,2,1,-0.4868349044431689,2073,1,0,976,1.3443284331414358,1.2051921338858085,-0.9512082011256612,-0.8958019836593418
6672,5226,1,1,-0.6504085499394767,-1.1567399515040242,5,2,-1.074573426929034,2,1,4,-1.0047956244259384,1,1,1,1,1,1,1,1,2,1,0,-1.3580767590546883,-0.9632938564434519,-0.24831296685183657,-0.27330037394865414,-0.8547830234930043,-1.0162086950136666,1.0859961053248404,0,-0.806591135413933,1,1,1,1,-0.4868349044431689,5263,1,0,958,0.9333701688060876,0.7421859867359117,-0.7572466340237448,-0.14329636742444943
2233,3040,1,2,1.0157103913654388,-0.2195068075512744,3,2,-0.23557646525326495,1,2,1,0.4645328238054724,1,2,1,1,1,1,1,2,1,1,1,-0.49560411596847015,-0.4166842193806541,-0.24831296685183657,-0.27330037394865414,-0.26867384377548925,-0.41067664685613353,0.9972366951556593,0,-0.5677732238554162,1,1,2,2,4.706709827446014,6072,1,0,626,-1.3304012401080263,-0.8282134707354308,0.8152181159184878,0.8948739216736762
9,3029,1,2,-0.31718476167849363,-0.5047516774499374,6,2,0.620252225591925,1,2,2,-0.7599075497207033,2,1,2,2,1,2,1,2,2,1,1,0.9817334171792131,-0.20391399654948478,-0.24831296685183657,-0.27330037394865414,-0.11611064012310264,-0.19730500299114145,-1.5438184188306106,1,1.8801103696193817,1,2,2,1,-0.4868349044431689,6385,1,0,637,-0.5025600182424558,-0.9212365324958464,1.1659393578647603,1.8469949382443136
5512,5185,1,1,-0.6504085499394767,-1.1567399515040242,5,2,-1.1218317434431784,1,2,2,-0.12319855548709195,1,1,2,2,2,2,2,2,1,2,0,1.1080299891918384,-0.8314350104785998,-0.24831296685183657,-0.27330037394865414,-0.858232114191866,-0.9129347391045961,-1.2724682220276855,0,-0.7468866575243038,1,1,1,1,-0.4868349044431689,6219,1,0,864,0.8881270571361409,0.44126123661781996,-0.9131591549885435,-0.2998398516763801
2880,6104,1,2,-0.31718476167849363,0.391732199374432,2,1,-1.4863034173810314,1,2,1,-0.6619523198386092,2,1,1,1,2,1,1,2,1,2,0,-0.8179927340006982,-0.2887528959361742,-0.24831296685183657,-0.27330037394865414,-0.884832635609114,-0.49156317701149377,-0.044207050829398756,1,-0.5677732238554162,1,1,2,1,-0.4868349044431689,6590,1,0,58,0.9786132804760341,0.515258096733355,-0.4252203374723414,-1.0085170747063377
3488,4170,1,2,-0.31718476167849363,-1.1974892186324047,6,2,-0.6097587521734767,1,2,0,1.49306273756746,1,1,2,1,1,1,1,2,1,2,0,-0.4856333339674735,-0.9321163883463407,-0.24831296685183657,-0.27330037394865414,-0.8368524766407031,-0.9862505916079768,-0.9529343454186336,1,-1.403635914310225,2,1,2,1,-0.4868349044431689,2519,1,0,855,-0.7309300104812338,-1.310941312243249,1.2170081146945113,1.185975773844965
2498,5286,1,2,-0.31718476167849363,1.6142102132258447,6,2,1.571892297863052,1,1,4,-1.0047956244259384,1,1,1,1,1,1,1,1,3,1,0,-1.4860351280674797,-0.37807093617474863,-0.24831296685183657,-0.27330037394865414,3.132743806933389,0.6249739058545578,0.2930787078134894,0,-0.14984187862801165,1,1,2,1,-0.4868349044431689,383,1,0,517,-0.13145878085444138,0.0999602383091429,0.017824430559858,-0.9096549709398661
3534,5642,1,1,-0.6504085499394767,-0.056509739037752714,6,2,-0.8356923475630162,1,2,2,-0.31910901525128005,1,1,2,2,2,2,2,2,3,1,0,1.1528985081963241,0.36606219303620097,5.241399408195006,-0.27330037394865414,-0.5168311947768047,0.11996188798718693,-2.011284645721631,1,-0.3289553122968993,1,1,1,1,-0.4868349044431689,3311,1,0,885,-0.2020164907206676,-0.7036984017134497,-0.02131500706388752,-0.2677368538488172
1384,6198,1,2,0.01603902658248947,1.2474668090704208,2,2,-1.3937289069492145,2,2,2,-0.221153785369186,2,1,1,1,2,2,2,2,2,2,1,1.1595456961969886,1.7787788047740882,-0.24831296685183657,-0.27330037394865414,-0.7784187379856738,1.1751866040322727,0.1451463575315209,0,-0.14984187862801165,1,1,2,1,-0.4868349044431689,5123,1,0,554,-1.8420792887562318,-0.8892855891574766,0.6155339663358753,1.5632687380039523
6047,4766,1,2,2.015381756148388,1.1659682748136602,2,2,-0.688738404429992,2,2,2,-0.6619523198386092,1,2,2,2,2,2,2,2,1,2,0,1.639805029244998,2.1410596601785237,-0.24831296685183657,-0.27330037394865414,0.0028593650787275392,1.6925965227847666,0.708979944034795,1,0.08897603293050521,1,1,2,1,-0.4868349044431689,5450,1,0,666,-0.44654473712728376,-1.0508027338018255,0.898142179589439,-0.7821412962109452
1813,3146,1,1,-0.6504085499394767,-0.6677487459634591,6,2,-0.35275119524039,2,2,2,-0.6619523198386092,1,1,1,1,2,1,1,2,1,2,0,0.6643301901474837,-0.4105060940677092,-0.24831296685183657,-0.27330037394865414,-0.5539089197895672,-0.49007626660128467,0.6219111892974079,0,1.7607014138401231,1,2,1,1,-0.4868349044431689,6109,1,0,855,-0.737393312148369,-1.366020932589157,1.1870643583607392,1.3745749761043886
4438,6225,1,1,-0.6504085499394767,-1.238238485760785,5,2,0.40920823677533524,1,2,0,-0.8088851646617503,1,2,1,1,1,1,1,2,1,1,1,-0.5172074769706297,-0.9605578295191478,-0.24831296685183657,-0.27330037394865414,-0.8156618303607106,-1.002484442119437,-1.7399344489187059,0,-0.14984187862801165,1,1,1,1,-0.4868349044431689,3971,1,0,436,-0.4524694303221577,-1.0252760854132732,0.8295993073392182,1.625347141755926
425,1028,1,2,-0.31718476167849363,0.7992248706582362,6,2,-0.7547705727100293,2,2,2,-0.5150194750154682,1,2,1,2,1,2,2,2,1,2,0,0.9468356801757247,1.0376244145533087,-0.24831296685183657,-0.27330037394865414,-0.19076219223545032,0.7626248115996576,0.2871614138022106,1,0.14868051082013442,1,1,2,2,0.5518740419346677,4993,1,0,850,-0.019428218624097406,-0.08159860025241661,-0.5089265678759303,-1.0150889696960743
5254,439,1,1,-0.6504085499394767,-1.1974892186324047,6,2,1.4249383547300274,1,2,2,-0.221153785369186,2,1,1,2,1,1,1,1,1,2,1,0.5829021371393436,-0.9117065100803621,-0.24831296685183657,0.5234109396773273,-0.7254775581490375,-0.9302157096232458,1.1451690454376278,1,0.865134245495685,1,1,1,1,-0.4868349044431689,2842,1,0,204,0.06890357082675072,0.41103180989588844,0.0034167800864516556,-0.6025725395849009
579,6330,1,2,2.348605544409371,0.14723659660414942,6,2,0.7659114203273016,2,1,4,-1.0047956244259384,1,1,1,1,1,1,1,1,3,1,1,-1.3181936310507012,-0.5954968177238872,-0.24831296685183657,-0.27330037394865414,0.5945437872957725,-0.29702922207583954,-1.149895703222626,1,0.08897603293050521,1,1,2,2,0.5518740419346677,1821,1,0,548,-1.4429704108106316,-0.9589276198275247,0.7308476240345397,0.4451955529874446
4459,1799,1,2,1.3489341796264218,1.4104638775839426,6,2,-1.1315423564255367,1,1,4,-1.0047956244259384,1,1,1,1,1,1,1,1,3,2,1,-1.5076384890696393,-0.43960947723833166,-0.24831296685183657,-0.27330037394865414,-0.4511449160906076,-0.4827289745508388,0.413960571186755,1,0.08897603293050521,1,1,2,2,1.5905829883125042,3762,1,0,968,-0.4842473301855726,-1.0120835972530857,1.163257709666269,-0.42498953540179857
6513,674,1,2,1.0157103913654388,1.6142102132258447,1,2,-0.8570556961242048,2,2,0,-0.270131400310233,2,2,2,2,1,2,2,1,3,1,0,0.534710024134526,1.5641110148825146,-0.24831296685183657,0.1250552828643366,-0.05818481550934411,1.2217136363517236,1.6202432217717209,0,-0.3886597901865285,1,1,2,2,1.5905829883125042,4966,1,0,333,1.3222454857787238,1.350306263145993,-0.6922924448655325,-1.025395970471345
852,5531,1,1,-0.6504085499394767,-1.0752414172472633,6,2,-1.0376730975960717,1,1,4,-1.0047956244259384,1,1,1,1,1,1,1,1,1,1,0,-1.4827115340671475,-0.9487311324915103,-0.24831296685183657,-0.27330037394865414,-0.83571852901368,-0.9990568692959036,1.1502410117330095,1,0.5666118560475389,1,1,1,1,-0.4868349044431689,3896,1,0,211,1.0454007310364315,1.2323479445876113,-1.7679977646781413,-1.0292256358970189
1094,5643,1,1,-0.6504085499394767,-0.2195068075512744,6,2,-1.3186334998856426,1,1,4,-1.0047956244259384,1,1,1,1,1,1,1,1,1,2,1,-1.5076384890696393,-0.8032142166383981,3.4962833719595063,-0.27330037394865414,-0.802231638153157,-0.884393738108636,1.3311411429349596,1,-0.20954635651764086,1,1,1,1,-0.4868349044431689,2177,1,0,548,-1.4451248446996765,-0.9871365936358554,0.7552243028463272,0.43555046969315475
6372,7012,1,1,-0.6504085499394767,-0.7084980130918396,4,2,0.3982028753953289,1,2,2,0.4155552088644254,1,2,1,1,1,1,1,2,1,2,0,0.32033821111309646,-0.5322372274659838,-0.24831296685183657,-0.27330037394865414,-0.36906364463036956,-0.5317376812873287,0.18234077703098725,1,1.103952157054202,1,2,1,1,-0.4868349044431689,2186,1,0,228,-0.9501436586915704,-0.8506762246094576,0.8587344378876767,0.5520952261658244
2972,3592,1,1,-0.6504085499394767,-1.238238485760785,6,2,1.5421130847171527,1,2,2,-0.41706424513337415,2,2,1,1,2,1,1,1,1,2,0,0.8770402061687477,-0.9319619352135171,-0.24831296685183657,0.1250552828643366,-0.7743199897921637,-0.9641598498563035,-1.4491417146501508,0,-0.6274777017450454,1,1,1,1,-0.4868349044431689,643,1,0,889,-1.5167597715104253,-0.9170173990660053,0.786378212694634,-0.27747649678324715
3357,6277,1,2,0.34926281484347255,1.4919624118407036,6,1,-1.4863034173810314,1,2,1,-0.46604186007442117,2,1,2,2,1,1,1,2,3,1,1,-0.8528904710041867,0.22025843565070188,-0.24831296685183657,-0.27330037394865414,-0.884832635609114,-0.08896298624727407,1.341285075525723,1,0.32779394448902205,1,1,2,2,0.5518740419346677,4240,1,0,83,0.0640560945763993,0.3950638318872704,0.2121290369587516,-1.0338590582638836
494,2245,1,1,-0.6504085499394767,0.2694843979892907,3,2,0.8552490597649994,2,2,2,-0.7599075497207033,1,1,1,1,1,1,1,2,1,1,0,0.3485887601159204,0.3253527601705463,-0.24831296685183657,-0.27330037394865414,0.7813970947111569,0.4865271889039942,0.24996699430274427,1,1.0442476791645727,1,1,1,1,-0.4868349044431689,2751,1,0,490,-0.8316497947940912,-1.3832705290858711,1.2721576001572836,0.08818563163850818
5028,6596,1,2,-0.31718476167849363,0.02498879521900814,6,1,-1.4863034173810314,1,2,1,-0.8088851646617503,1,2,2,2,2,1,1,2,3,2,0,-0.4906187249679718,-0.23367932171792277,-0.24831296685183657,-0.27330037394865414,-0.884832635609114,-0.4480029847124131,1.0141432494735985,1,1.99951932539864,1,2,2,1,-0.4868349044431689,6879,1,0,157,-0.7961016356248474,-1.2351735178578138,1.1375724682317432,0.63554410858946
4660,743,1,2,2.015381756148388,1.6142102132258447,1,2,0.2777912744140843,1,2,2,-0.07422094054604492,2,2,1,2,2,2,2,2,3,1,0,1.3539759452164248,2.352616322680365,-0.24831296685183657,-0.27330037394865414,1.4326728271191502,2.2824322420345298,0.958351620224399,1,0.029271555040875995,1,1,2,1,-0.4868349044431689,1849,1,0,319,-0.621053882139935,-0.7787771843895774,1.308610283449565,-1.0271926036340067
1685,3295,1,1,-0.6504085499394767,1.4104638775839426,1,1,-1.4863034173810314,1,2,0,3.1583016455630593,2,1,2,2,2,1,1,2,2,2,0,-0.5122220859701314,0.459373949994929,-0.24831296685183657,-0.27330037394865414,-0.884832635609114,0.10016433905125852,1.2719682028221722,1,-0.9857045690828207,1,1,1,1,-0.4868349044431689,3636,1,0,481,1.1628173779893882,1.0847795402264848,-0.9326501929332464,-0.9619937317574098
6511,5190,1,1,-0.6504085499394767,1.6142102132258447,6,2,-0.949630206556022,2,2,0,-0.36808663019232707,1,2,2,2,2,2,2,2,3,1,0,0.7258166791536301,1.796121685116855,-0.24831296685183657,-0.27330037394865414,-0.17980069850756145,1.3657938589409664,0.10964259346384846,0,-0.5677732238554162,1,1,1,1,-0.4868349044431689,2908,1,0,1033,-1.0120836330016163,-0.8229545412692612,0.6298594544878078,0.25120645124003554
5450,5455,1,1,-0.6504085499394767,-0.38250387606479613,6,2,1.6780616664701709,2,2,1,-0.41706424513337415,2,1,2,1,2,2,2,2,2,2,0,0.4582673621268844,-0.19299195358552865,2.2358514850192908,-0.27330037394865414,0.4431145312704088,-0.030268419444282064,-1.0763521919395902,0,-0.20954635651764086,1,1,1,1,-0.4868349044431689,997,1,0,735,-1.2830036945490346,-0.8231165663625726,0.7579969330505154,0.7716154307510596
2732,1124,1,2,-0.31718476167849363,-0.015760471909372284,3,2,1.6994250150313595,2,2,2,-0.07422094054604492,1,2,1,1,2,2,1,2,2,2,0,1.1844726511994805,0.413611693212616,-0.24831296685183657,-0.27330037394865414,0.9752194552509533,0.6136091633765283,0.3784568071190826,0,1.8204058917297523,1,2,2,2,1.5905829883125042,4493,1,0,1045,0.952221465335232,0.8081621996697749,-0.5575703757375446,-1.032393383841712
426,1491,1,2,0.6824866031044556,1.451213144712323,6,1,-1.4863034173810314,1,2,1,0.12168951921814321,1,2,2,1,2,2,2,2,3,2,0,-0.39091090495800446,0.6071635333738746,-0.24831296685183657,-0.27330037394865414,-0.884832635609114,0.21705783585383964,0.9997726783033501,0,1.103952157054202,1,2,2,2,0.5518740419346677,5279,1,0,554,-1.8700869293138178,-0.8726310298159503,0.6984756693752794,-0.8801523632161558
2716,3526,1,2,-0.31718476167849363,0.676977069273095,2,2,1.5673606784712848,2,2,2,0.2686223640412843,2,2,1,1,2,1,1,1,1,2,0,0.966777244177718,1.0823716936056382,-0.24831296685183657,0.921766596490318,1.8452998318565939,1.4101393912454392,1.096985365631501,1,-0.9857045690828207,1,1,2,1,-0.4868349044431689,6090,1,0,417,0.5714252754465148,0.7266032233866401,-1.1411099283203474,0.01603662621161412
3980,644,1,2,0.01603902658248947,0.47323073363119283,6,2,0.21305385453169476,1,2,2,0.21964474910023726,1,1,2,1,2,2,2,2,1,2,0,0.9368648981747281,0.8130936888942835,-0.24831296685183657,-0.27330037394865414,0.47944810315293757,0.7830785557400911,1.0437297195299922,1,-0.030432922848753218,1,1,2,2,0.5518740419346677,4812,1,0,1026,1.1859775422966228,0.8999008075029626,-1.0527380849614063,0.4928536116180536
716,3532,1,1,-0.6504085499394767,0.7177263364014754,6,2,0.30692311336115957,2,2,2,0.36657759392337835,2,2,1,2,2,2,2,2,3,2,0,1.4919050962302134,1.4433727944809631,-0.24831296685183657,-0.27330037394865414,0.7511230554605323,1.361874139714054,1.229701817027324,0,0.9845432012749434,1,1,1,1,-0.4868349044431689,5813,1,0,958,0.924213824777646,0.7138222789634646,-0.7106740593734319,-0.7124508414276937
3578,6395,1,2,0.01603902658248947,1.3289653433271817,6,2,0.9944345125121369,1,2,2,0.21964474910023726,2,2,2,1,1,2,2,2,2,1,0,0.9850570111795457,1.6971172269769133,-0.24831296685183657,-0.27330037394865414,2.057288978337655,1.9485405757420575,0.801120665067564,0,1.8204058917297523,1,2,2,1,-0.4868349044431689,1033,1,0,57,-0.9587613942477506,-0.8502995162675059,0.8305750429309121,2.5885789160430246
1422,4354,1,2,1.682157967887405,-1.0752414172472633,6,2,1.186704649562834,2,2,2,-0.07422094054604492,1,2,2,1,2,1,1,2,1,2,1,0.9734244321783826,-0.7773984787235927,-0.24831296685183657,-0.27330037394865414,-0.59220327611049,-0.7915840014714121,-1.1135466114390566,0,-0.4483642680761577,1,1,2,2,1.5905829883125042,5688,1,0,746,-0.4928650657417529,-0.9596607833747606,1.186023635622112,0.19938776844326234
3273,5686,1,1,-0.6504085499394767,0.4324814665028124,2,2,-0.6719066752605707,2,2,2,0.2686223640412843,1,2,1,1,2,1,1,2,2,2,0,0.8471278601657574,0.6876998097747632,-0.24831296685183657,-0.27330037394865414,-0.24587677169054753,0.46956733518754923,-1.8405284471104444,0,1.103952157054202,1,2,1,1,-0.4868349044431689,5473,1,0,554,-1.8458495480620607,-0.919573749975735,0.6994741504683993,0.7559185304878036
6560,3066,1,2,-0.31718476167849363,-1.1974892186324047,5,2,0.9484709443956403,1,1,4,-1.0047956244259384,1,1,1,1,1,1,1,1,1,2,1,-1.4694171580658184,-0.9837478641759514,-0.24831296685183657,-0.27330037394865414,-0.7515583535705664,-1.001884093315315,-0.24116840863339106,1,-0.3289553122968993,1,1,2,1,-0.4868349044431689,2672,1,0,763,-0.2402576922512177,-0.7147784877195836,0.476531101001114,-0.977785191660806
3560,3756,1,2,-0.31718476167849363,-0.13800827329451357,6,2,0.6901686390649058,1,2,2,-0.36808663019232707,1,1,1,1,2,2,2,2,1,2,1,0.7656998071576172,0.15064420221376945,-0.24831296685183657,-0.27330037394865414,0.2668092991772279,0.19628297491120117,0.3209745224380891,0,-0.8662956133035622,1,1,2,2,1.5905829883125042,1388,1,0,1003,-1.6067073863780572,-0.9547554736747434,0.6512499738983643,0.9379931175775605
7031,5262,1,1,-0.6504085499394767,-0.9122443487337416,6,2,1.6456929565289762,1,2,2,1.0522642030980367,2,1,2,1,1,1,1,2,1,2,1,0.5014740841312035,-0.6147372651270584,-0.24831296685183657,-0.27330037394865414,-0.3133702794073126,-0.5805334736223564,1.3379037646621352,1,-1.0454090469724497,2,1,1,1,-0.4868349044431689,771,1,0,235,-1.7537474993053837,-0.8925410783448462,0.6311383087005189,0.4644384397559544
3979,1232,1,2,1.3489341796264218,1.3289653433271817,2,2,-0.2219816070779631,2,2,2,-0.07422094054604492,2,2,2,2,1,1,1,2,3,1,1,0.9900424021800438,1.6761998598459429,-0.24831296685183657,-0.27330037394865414,0.6146359218120864,1.5056960727015234,0.17135151672432672,1,-0.6871821796346745,1,1,2,2,1.5905829883125042,1567,1,0,934,1.1838231084075777,0.9758966522072343,-0.38526948889983637,-0.9069127413758032
3978,5757,1,1,-0.6504085499394767,-1.1567399515040242,5,2,0.5600464251013029,2,2,2,-0.9068403945438445,1,1,1,1,2,2,1,2,1,2,0,1.0199547481830342,-0.8315232694116419,-0.24831296685183657,-0.27330037394865414,-0.7354822835666259,-0.8767323100560332,-0.6114219481962607,0,1.6412924580608648,1,2,1,1,-0.4868349044431689,5027,1,0,855,-0.7347002697870627,-1.3530005960906133,1.1822599514273109,0.6033938309418271
6110,5122,1,2,1.682157967887405,-0.8714950816053613,4,2,0.09458437614692194,1,2,2,0.4155552088644254,1,1,1,1,1,1,1,2,3,2,0,0.18074726309914202,-0.6379714292503832,-0.24831296685183657,-0.27330037394865414,-0.5675399152227397,-0.6740168574642056,-1.3121986246748427,1,1.7607014138401231,1,2,2,1,-0.4868349044431689,4257,1,0,331,-0.6194380567231511,-0.8348698666314159,1.0657338192445782,1.5340498092006623
1582,5375,1,1,-0.6504085499394767,-1.2789877528891656,5,1,-1.4863034173810314,1,2,1,-0.5150194750154682,1,2,1,1,1,1,1,2,1,2,0,-1.1603229160349193,-0.993147440544932,-0.24831296685183657,-0.27330037394865414,-0.884832635609114,-1.048700828836755,-0.3688128937338324,0,-0.6274777017450454,1,1,2,1,-0.4868349044431689,2897,1,0,554,-1.8770888394532144,-0.9007942315354207,0.6998482907571267,1.5296055061140779
3219,704,1,2,-0.31718476167849363,-0.8307458144769808,6,2,0.9510604411909358,1,1,4,-1.0047956244259384,1,1,1,1,1,1,1,1,2,1,0,-1.4943441130683104,-0.9049988311691649,-0.24831296685183657,-0.27330037394865414,-0.3511685336414128,-0.8212838152753285,-1.4770375292747504,0,0.7457252897164266,1,1,2,1,-0.4868349044431689,3486,1,0,351,0.12114859263609382,0.2574364771262929,-0.033786968946723756,0.6682617440779336
5105,173,1,1,-0.6504085499394767,-1.1159906843756437,5,2,0.7316005877896351,1,1,4,-1.0047956244259384,1,1,1,1,1,1,1,1,1,1,1,-1.4527991880641573,-0.9560786886672626,-0.24831296685183657,-0.27330037394865414,-0.6824938559121967,-0.9595909162249335,-1.5184585873537018,1,-0.9857045690828207,1,1,1,1,-0.4868349044431689,963,1,0,448,-1.7155062977748337,-0.9077495637285654,0.6489661398778372,0.7275033586257045
1065,2871,1,1,-0.6504085499394767,-1.1974892186324047,5,2,-1.3801340487739127,2,2,2,-0.6129747048975622,1,1,1,1,1,1,1,2,1,2,0,0.3386179781149237,-0.9125890994107828,3.2444500933439415,-0.27330037394865414,-0.8790211540206211,-0.9928998036536297,-0.6418537459685514,0,-0.26925083440727005,1,1,1,1,-0.4868349044431689,298,1,0,23,-0.3662920747603547,-0.9557434216812108,0.8755577534510847,0.5795648016265226
6909,3679,1,1,-0.6504085499394767,-1.2789877528891656,6,2,1.180878281773419,1,2,2,-0.270131400310233,1,1,1,1,1,1,1,1,1,2,0,0.1574821050968162,-0.9756501070693416,-0.24831296685183657,2.9135448805552717,-0.83616738328271,-0.9925577444512812,-0.9529343454186336,1,1.700996935950494,1,2,1,1,-0.4868349044431689,4647,1,0,582,0.24071967347809553,0.19934237991931852,-0.9291835928386717,-0.018004844238820823
6733,2471,1,2,0.34926281484347255,0.9214726720433775,6,2,0.031789078861003905,2,2,2,1.5910179674495541,1,2,1,1,1,1,1,2,1,2,1,0.43167861012422654,0.8764194733519683,-0.24831296685183657,-0.27330037394865414,0.6386141893418436,0.8801989364069116,0.18656741561047205,0,-1.5827493479791128,2,1,2,1,-0.4868349044431689,4142,1,0,603,-0.607050061861142,-0.8481514685929245,1.2608173430187712,-0.7004890469499714
4299,2559,1,1,-0.6504085499394767,-1.2789877528891656,6,2,1.38544852860177,1,2,1,1.8359060421547893,2,2,1,1,1,1,2,2,1,2,0,-0.32776261895169184,-0.9820930091814126,-0.24831296685183657,-0.27330037394865414,-0.8324348056770926,-1.024473962270415,-1.3248785404132972,0,-1.642453825868742,2,1,1,1,-0.4868349044431689,80,1,0,554,-1.8410020718117093,-0.8344469811378717,0.6627615185884189,-0.019470518660992326
6822,975,1,2,1.0157103913654388,0.8807234049149971,2,2,0.621546973989573,2,2,2,-0.221153785369186,1,2,2,2,2,2,1,2,3,2,0,1.5184938482328711,1.6757585651807327,-0.24831296685183657,-0.27330037394865414,1.1919924432835178,1.6759542954705022,0.020883183294667373,1,1.8204058917297523,1,2,2,1,-0.4868349044431689,3399,1,0,525,-0.8300339693773073,-1.403093084064381,1.2639863948192007,0.13338513962547457
342,1779,1,1,-0.6504085499394767,-0.056509739037752714,3,2,-0.23169222006032167,1,2,2,2.717503111093636,1,2,2,1,2,2,2,2,1,2,0,1.217708591202803,0.3809558879870502,-0.24831296685183657,-0.27330037394865414,-0.17519403627278038,0.24783618326516135,-2.0079033348580433,1,-1.5827493479791128,2,1,1,1,-0.4868349044431689,4307,1,0,605,1.330863221334904,1.162779635335024,-0.9636453484654972,-1.0100773087686492
3924,6539,1,1,-0.6504085499394767,-1.2789877528891656,5,2,0.4894826374294982,2,2,2,0.4645328238054724,1,1,1,1,1,2,2,2,1,2,0,0.6726391751483144,-0.9688100397585812,-0.24831296685183657,-0.27330037394865414,-0.848782550633341,-1.0187985718314485,1.0809241390294586,0,0.26808946659939287,1,1,1,1,-0.4868349044431689,4501,1,0,451,-0.4707821183790409,-1.03467597120176,0.903222781897303,0.894637522573326
1937,2007,1,2,1.0157103913654388,0.31023366511767114,2,2,-0.6466590815064387,1,2,2,0.17066713415919024,1,2,2,1,1,1,1,2,2,1,0,0.53304822713436,0.3761457761362574,-0.24831296685183657,-0.27330037394865414,-0.27202843883876554,0.21541734784257627,-0.8565669858063799,1,-0.030432922848753218,1,1,2,1,-0.4868349044431689,486,1,0,394,-0.02804595418027771,-0.5109683380307681,-0.3889811833771031,-0.7760421994219089
4449,5408,1,2,0.34926281484347255,0.8399741377866167,2,2,0.9180443570509172,2,2,0,-0.8088851646617503,2,2,2,1,1,2,2,2,2,1,0,0.31036742911209936,0.6855815953817535,-0.24831296685183657,-0.27330037394865414,1.4402561018748667,0.966139565796973,0.6219111892974079,0,-0.3289553122968993,1,1,2,1,-0.4868349044431689,4337,1,0,155,-0.7966402440971087,-1.2887430643340538,1.1532571161422323,-0.5562383159162533
6191,3557,1,1,-0.6504085499394767,-1.2789877528891656,6,2,-1.0260203620172417,1,2,2,0.2686223640412843,1,1,2,1,1,1,1,2,1,1,0,0.358559542116917,-0.9729802743448189,-0.24831296685183657,-0.27330037394865414,-0.8764343359964748,-1.0302680263101969,-0.7585089707623323,0,-0.8662956133035622,1,1,1,1,-0.4868349044431689,4732,1,0,554,-1.8657780615357278,-0.8804625127011803,0.7427574470964641,2.2014044694893973
3923,4507,1,1,-0.6504085499394767,0.10648732947576899,6,2,-0.25176082022386237,2,2,2,-0.17217617042813899,1,1,1,1,2,1,1,2,1,2,0,0.720831288153132,0.3304055840872047,-0.24831296685183657,-0.27330037394865414,-0.09644373596692231,0.23112414795041786,1.2457630436293663,0,-0.8662956133035622,1,1,1,1,-0.4868349044431689,5628,1,0,855,-0.7303914020089726,-1.312508499958309,1.1856170017599248,0.28657175665243184
2040,6326,1,2,1.682157967887405,0.9622219391717579,6,2,-0.11322274167554863,2,1,4,-1.0047956244259384,1,1,1,1,1,1,1,1,2,1,0,-1.3447823830533592,-0.4495386072055645,-0.24831296685183657,-0.27330037394865414,0.5181440659250975,-0.20416014863820828,0.550903661162063,0,-1.403635914310225,2,1,2,1,-0.4868349044431689,1860,1,0,129,-1.1763592170413033,-0.8371001420408527,0.4981838899689099,0.07192137353441148
3725,862,1,1,-0.6504085499394767,-1.1567399515040242,6,2,-0.9198509934101228,2,2,2,-0.8088851646617503,2,1,1,1,1,1,1,1,2,2,0,0.5147684601325326,-0.872298896477078,-0.24831296685183657,0.921766596490318,-0.8434907950405669,-0.9304286240247078,-0.48377746309581937,0,1.163656634943831,1,2,1,1,-0.4868349044431689,26,1,0,370,1.0540184665926118,1.153534078447913,-1.3863138607730847,-1.0384924806307483
5066,3233,1,1,-0.6504085499394767,-0.7084980130918396,6,2,-0.37087767280745915,1,2,2,-0.41706424513337415,1,1,1,1,1,2,1,2,1,2,0,0.48651791112970877,-0.49613932385177734,-0.24831296685183657,-0.27330037394865414,-0.5795526728965147,-0.5653851375183493,-0.6587603002864906,1,1.8801103696193817,1,2,1,1,-0.4868349044431689,2894,1,0,504,-0.46108716587833803,-1.033965491167588,0.9620092266183747,1.7510641833221852
5034,6714,1,2,2.6818293326703544,1.4919624118407036,1,2,0.3386444491035306,1,1,4,-1.0047956244259384,1,1,1,1,1,1,1,1,3,1,0,-1.491020519067978,-0.40761561401058144,-0.24831296685183657,-0.27330037394865414,1.4127224360562145,0.09334409740443146,1.4013033433544075,1,0.14868051082013442,1,1,2,2,1.5905829883125042,1477,1,0,443,-0.665219776865359,-1.3524476854596865,1.900398097558938,-0.35903418640408086
5143,6868,1,1,-0.6504085499394767,0.6362278021447145,6,1,-1.4863034173810314,1,2,1,-0.07422094054604492,1,2,1,1,1,1,1,2,2,1,0,-1.1586611190347533,-0.3934721199905898,-0.24831296685183657,-0.27330037394865414,-0.884832635609114,-0.5743903695801784,-1.5074693270470412,0,1.700996935950494,1,2,2,2,1.5905829883125042,3658,1,0,409,-1.7429753298601585,-0.924628527824332,0.6538638497864897,3.3651499606935724
378,1192,1,2,1.0157103913654388,-1.238238485760785,5,2,-1.0156623748360594,1,1,4,-1.0047956244259384,1,1,1,1,1,1,1,1,1,1,1,-1.477726143066649,-0.9885579760267442,-0.24831296685183657,-0.27330037394865414,-0.8676580538414947,-1.0399957711769867,0.6024686518317777,1,-0.5677732238554162,1,1,2,2,1.5905829883125042,4436,1,0,856,-0.9226746266062456,-0.8487424551207783,0.9010707789462505,0.5549792951900974
4825,2826,1,1,-0.6504085499394767,-0.3010053418080353,3,2,0.6066573674166232,2,2,2,1.49306273756746,1,2,2,2,2,2,2,2,3,1,0,1.4669781412277214,0.23329869300766776,-0.24831296685183657,-0.27330037394865414,0.0698685826631182,0.20346272776049681,-0.0019406650345506191,0,-1.5827493479791128,2,1,1,1,-0.4868349044431689,2521,1,0,864,0.8886656656084022,0.43482803028787265,-0.9721902298983953,0.6999392235248661
